receipt_id,execution_id,trip_plan_id,trip_no,tanker_number,delivery_point,ack_date,chamber,qty_litres,qty_kgs,fat_pct,snf_pct,kg_fat,kg_snf,temperature,description
3680,1267,2221,1,TN28AR1990,Balaji Dairy,2026-08-03,BC,10199.32,10490.0006,4.120,8.180,432.1880,858.0821,,
3678,1267,2221,1,TN28AR1990,Balaji Dairy,2026-08-03,FC,8536.70,8779.9960,4.060,8.150,356.4678,715.5697,,
3679,1267,2221,1,TN28AR1990,Balaji Dairy,2026-08-03,MC,,,,,,,,
3650,1268,2222,2,AP07TF2421,Balaji Dairy,2026-08-03,BC,10072.92,10359.9982,3.970,8.180,411.2919,847.4479,,
3648,1268,2222,2,AP07TF2421,Balaji Dairy,2026-08-03,FC,6533.79,6720.0030,3.730,8.190,250.6561,550.3682,,
3649,1268,2222,2,AP07TF2421,Balaji Dairy,2026-08-03,MC,,,,,,,,
3728,1269,2223,3,AP03TF2538,Balaji Dairy,2026-08-03,BC,8721.44,8970.0010,3.870,8.200,347.1390,735.5401,,
3726,1269,2223,3,AP03TF2538,Balaji Dairy,2026-08-03,FC,7243.56,7450.0015,3.840,8.120,286.0801,604.9401,,
3727,1269,2223,3,AP03TF2538,Balaji Dairy,2026-08-03,MC,4385.03,4510.0034,3.740,8.190,168.6741,369.3693,,
3761,1270,2224,4,AP03TA8424,Balaji Dairy,2026-08-03,BC,7593.58,7809.9970,3.920,8.180,306.1519,638.8578,,
3759,1270,2224,4,AP03TA8424,Balaji Dairy,2026-08-03,FC,7661.64,7879.9967,3.800,8.100,299.4399,638.2797,,
3760,1270,2224,4,AP03TA8424,Balaji Dairy,2026-08-03,MC,7224.11,7429.9971,3.780,8.150,280.8539,605.5448,,
5001,1271,2225,5,AP39TB8024,Balaji Dairy,2026-08-03,BC,9382.60,9650.0041,3.770,8.160,363.8052,787.4403,,
5002,1271,2225,5,AP39TB8024,Balaji Dairy,2026-08-03,FC,7457.46,7669.9976,3.960,8.150,303.7319,625.1048,,
5003,1271,2225,5,AP39TB8024,Balaji Dairy,2026-08-03,MC,,,,,,,,
3731,1272,2226,6,TN13H2455,Balaji Dairy,2026-08-03,BC,9975.69,10259.9972,3.880,8.060,398.0879,826.9558,,
3729,1272,2226,6,TN13H2455,Balaji Dairy,2026-08-03,FC,9372.87,9639.9968,3.670,8.020,353.7879,773.1277,,
3730,1272,2226,6,TN13H2455,Balaji Dairy,2026-08-03,MC,,,,,,,,
3689,1273,2227,7,AP04TW4458,Balaji Dairy,2026-08-03,BC,11229.95,11550.0036,3.780,8.160,436.5901,942.4803,,
3687,1273,2227,7,AP04TW4458,Balaji Dairy,2026-08-03,FC,8789.50,9040.0008,3.740,8.140,338.0960,735.8561,,
3688,1273,2227,7,AP04TW4458,Balaji Dairy,2026-08-03,MC,,,,,,,,
3722,1274,2228,8,AP07TN0549,Balaji Dairy,2026-08-03,BC,10004.86,10289.9985,4.070,8.320,418.8029,856.1279,,
3720,1274,2228,8,AP07TN0549,Balaji Dairy,2026-08-03,FC,9664.56,9940.0000,4.080,8.380,405.5520,832.9720,,
3721,1274,2228,8,AP07TN0549,Balaji Dairy,2026-08-03,MC,,,,,,,,
3725,1275,2231,9,TN25BB1990,Balaji Dairy,2026-08-03,BC,5114.24,5259.9958,3.980,8.280,209.3478,435.5277,,
3723,1275,2231,9,TN25BB1990,Balaji Dairy,2026-08-03,FC,5046.18,5189.9961,3.880,8.120,201.3718,421.4277,,
3724,1275,2231,9,TN25BB1990,Balaji Dairy,2026-08-03,MC,4005.83,4119.9962,3.980,8.120,163.9758,334.5437,,
3719,1276,2232,10,AP07TJ2180,Balaji Dairy,2026-08-03,BC,8400.58,8639.9965,3.950,8.290,341.2799,716.2557,,
3717,1276,2232,10,AP07TJ2180,Balaji Dairy,2026-08-03,FC,8011.67,8240.0026,3.970,8.340,327.1281,687.2162,,
3718,1276,2232,10,AP07TJ2180,Balaji Dairy,2026-08-03,MC,,,,,,,,
3734,1277,2233,11,AP03TE5050,Balaji Dairy,2026-08-03,BC,12046.67,12390.0001,3.980,8.180,493.1220,1013.5020,,
3732,1277,2233,11,AP03TE5050,Balaji Dairy,2026-08-03,FC,10257.66,10550.0033,4.010,8.340,423.0551,879.8703,,
3733,1277,2233,11,AP03TE5050,Balaji Dairy,2026-08-03,MC,,,,,,,,
3713,1278,2234,12,TN28BB2353,S K A Dairy,2026-08-03,BC,10218.77,10510.0049,3.800,8.160,399.3802,857.6164,5,
3711,1278,2234,12,TN28BB2353,S K A Dairy,2026-08-03,FC,8079.73,8310.0023,3.800,8.160,315.7801,678.0962,5,
3712,1278,2234,12,TN28BB2353,S K A Dairy,2026-08-03,MC,,,,,,,,
3656,1279,2236,13,AP39WE8054,Balaji Dairy,2026-08-03,BC,7758.87,7979.9978,3.950,8.370,315.2099,667.9258,,
3654,1279,2236,13,AP39WE8054,Balaji Dairy,2026-08-03,FC,9197.86,9459.9990,3.950,8.290,373.6700,784.2339,,
3655,1279,2236,13,AP39WE8054,Balaji Dairy,2026-08-03,MC,,,,,,,,
3737,1280,2237,14,AP31TF6368,Balaji Dairy,2026-08-03,BC,7078.27,7280.0007,3.880,8.240,282.4640,599.8721,,
3735,1280,2237,14,AP31TF6368,Balaji Dairy,2026-08-03,FC,7146.33,7350.0004,4.160,8.320,305.7600,611.5200,,
3736,1280,2237,14,AP31TF6368,Balaji Dairy,2026-08-03,MC,6494.90,6680.0047,4.020,8.300,268.5362,554.4404,,
3683,1281,2238,15,TN52H5484,Balaji Dairy,2026-08-03,BC,9927.08,10210.0018,3.930,8.310,401.2531,848.4511,,
3681,1281,2238,15,TN52H5484,Balaji Dairy,2026-08-03,FC,7700.53,7919.9951,3.980,8.360,315.2158,662.1116,,
3682,1281,2238,15,TN52H5484,Balaji Dairy,2026-08-03,MC,,,,,,,,
3764,1283,2239,16,TN24AB6599,Balaji Dairy,2026-08-03,BC,5007.29,5149.9978,6.100,8.740,314.1499,450.1098,,
3762,1283,2239,16,TN24AB6599,Balaji Dairy,2026-08-03,FC,4666.99,4799.9992,4.500,8.120,216.0000,389.7599,,
3763,1283,2239,16,TN24AB6599,Balaji Dairy,2026-08-03,MC,,,,,,,,
3740,1282,2240,17,TN34AC5878,Balaji Dairy,2026-08-03,BC,2877.98,2960.0024,7.300,8.720,216.0802,258.1122,,
3738,1282,2240,17,TN34AC5878,Balaji Dairy,2026-08-03,FC,3432.18,3529.9971,4.250,8.440,150.0249,297.9318,,
3739,1282,2240,17,TN34AC5878,Balaji Dairy,2026-08-03,MC,,,,,,,,
3674,1284,2241,18,AP03TJ0088,S K A Dairy,2026-08-03,BC,8842.98,9095.0049,3.800,8.160,345.6102,742.1524,5,
3672,1284,2241,18,AP03TJ0088,S K A Dairy,2026-08-03,FC,5940.69,6109.9997,3.700,8.260,226.0700,504.6860,5,
3673,1284,2241,18,AP03TJ0088,S K A Dairy,2026-08-03,MC,7914.44,8140.0015,3.900,8.180,317.4601,665.8521,5,
3863,1286,2243,20,AP39WH0612,Balaji Dairy,2026-08-03,BC,7151.19,7354.9989,3.800,8.030,279.4900,590.6064,4.0,
3861,1286,2243,20,AP39WH0612,Balaji Dairy,2026-08-03,FC,9936.80,10219.9988,3.800,8.160,388.3600,833.9519,4.0,
3862,1286,2243,20,AP39WH0612,Balaji Dairy,2026-08-03,MC,3684.98,3790.0019,3.700,8.140,140.2301,308.5062,4.0,
4310,1288,2244,21,AP39UN4344,Bathalapalli ,2026-08-06,BC,8118.62,8350.0000,4.200,8.240,350.7000,688.0400,,
4308,1288,2244,21,AP39UN4344,Bathalapalli ,2026-08-06,FC,3023.82,3110.0000,5.700,8.560,177.2700,266.2160,,
4309,1288,2244,21,AP39UN4344,Bathalapalli ,2026-08-06,MC,,,,,,,,
3695,1289,2245,22,AP39TK3377,S K A Dairy,2026-08-03,BC,10568.79,10870.0005,4.100,8.350,445.6700,907.6450,5,
3693,1289,2245,22,AP39TK3377,S K A Dairy,2026-08-03,FC,7549.83,7765.0002,4.000,8.330,310.6000,646.8245,5,
3694,1289,2245,22,AP39TK3377,S K A Dairy,2026-08-03,MC,,,,,,,,
4995,1287,2246,23,TN28BA2919,S K A Dairy,2026-08-02,BC,10111.81,10399.9966,4.000,8.450,415.9999,878.7997,5,
4996,1287,2246,23,TN28BA2919,S K A Dairy,2026-08-02,FC,9591.64,9865.0017,4.100,8.350,404.4651,823.7276,5,
4997,1287,2246,23,TN28BA2919,S K A Dairy,2026-08-02,MC,,,,,,,,
3704,1300,2247,24,TN24AR2944,S K A Dairy,2026-08-03,BC,8935.34,9189.9972,3.700,8.010,340.0299,736.1188,5,
3702,1300,2247,24,TN24AR2944,S K A Dairy,2026-08-03,FC,8935.34,9189.9972,3.700,8.010,340.0299,736.1188,5,
3703,1300,2247,24,TN24AR2944,S K A Dairy,2026-08-03,MC,,,,,,,,
3581,1305,2248,25,AP03TC7799,S K A Dairy,2026-08-02,BC,,,,,,,,
3579,1305,2248,25,AP03TC7799,S K A Dairy,2026-08-02,FC,17865.82,18374.9959,4.000,8.330,734.9998,1530.6372,5,singal kata
3580,1305,2248,25,AP03TC7799,S K A Dairy,2026-08-02,MC,,,,,,,,
3572,1306,2249,26,TN863039,S K A Dairy,2026-08-02,BC,,,,,,,,
3570,1306,2249,26,TN863039,S K A Dairy,2026-08-02,FC,19411.76,19964.9952,4.000,8.330,798.5998,1663.0841,5,singal kata
3571,1306,2249,26,TN863039,S K A Dairy,2026-08-02,MC,,,,,,,,
6468,1301,2250,27,TN86A9787,Balaji Dairy,2026-08-03,BC,9878.46,10159.9961,4.110,8.570,417.5758,870.7117,,
6469,1301,2250,27,TN86A9787,Balaji Dairy,2026-08-03,FC,11249.39,11569.9976,4.140,8.540,478.9979,988.0778,,
6470,1301,2250,27,TN86A9787,Balaji Dairy,2026-08-03,MC,,,,,,,,
3992,1298,2251,28,TS08UB0037,ARVAIS Dairy(HYD),2026-08-04,BC,6942.15,7140.0013,4.400,8.530,314.1601,609.0421,4.0,
3990,1298,2251,28,TS08UB0037,ARVAIS Dairy(HYD),2026-08-04,FC,4239.18,4359.9966,4.300,8.390,187.4799,365.8037,4.0,
3991,1298,2251,28,TS08UB0037,ARVAIS Dairy(HYD),2026-08-04,MC,,,,,,,,
4313,1290,2252,29,TN28BF6792,Bathalapalli ,2026-08-06,BC,7924.16,8150.0000,4.300,8.260,350.4500,673.1900,,
4311,1290,2252,29,TN28BF6792,Bathalapalli ,2026-08-06,FC,7438.02,7650.0000,4.400,8.280,336.6000,633.4200,,
4312,1290,2252,29,TN28BF6792,Bathalapalli ,2026-08-06,MC,,,,,,,,
5004,1304,2253,30,AP39TD1229,Balaji Dairy,2026-08-03,BC,14982.98,15409.9949,4.120,8.410,634.8918,1295.9806,,
5005,1304,2253,30,AP39TD1229,Balaji Dairy,2026-08-03,FC,15051.05,15480.0049,4.100,8.350,634.6802,1292.5804,,
5006,1304,2253,30,AP39TD1229,Balaji Dairy,2026-08-03,MC,,,,,,,,
4319,1303,2254,31,TN76AL9919,ARVAIS Dairy(HYD),2026-08-06,BC,10228.49,10520.0000,4.000,8.330,420.8000,876.3160,,
4317,1303,2254,31,TN76AL9919,ARVAIS Dairy(HYD),2026-08-06,FC,8624.21,8870.0000,4.300,8.390,381.4100,744.1930,,
4318,1303,2254,31,TN76AL9919,ARVAIS Dairy(HYD),2026-08-06,MC,,,,,,,,
3698,1302,2255,32,TN30CL2599,Balaji Dairy,2026-08-03,BC,14185.71,14590.0027,4.040,8.200,589.4361,1196.3802,,
3696,1302,2255,32,TN30CL2599,Balaji Dairy,2026-08-03,FC,12386.97,12739.9986,3.990,8.250,508.3259,1051.0499,,
3697,1302,2255,32,TN30CL2599,Balaji Dairy,2026-08-03,MC,,,,,,,,
3677,1299,2256,33,AP03TE2079,Balaji Dairy,2026-08-03,BC,10364.61,10660.0014,3.890,8.170,414.6741,870.9221,,
3675,1299,2256,33,AP03TE2079,Balaji Dairy,2026-08-03,FC,8770.05,9019.9964,3.930,8.070,354.4859,727.9137,,
3676,1299,2256,33,AP03TE2079,Balaji Dairy,2026-08-03,MC,,,,,,,,
7212,1297,2257,34,RJ32GB7005,Balaji Dairy,2026-08-03,BC,14963.54,15390.0009,3.960,8.170,609.4440,1257.3631,,
7213,1297,2257,34,RJ32GB7005,Balaji Dairy,2026-08-03,FC,14137.09,14539.9971,3.830,8.210,556.8819,1193.7338,,
7214,1297,2257,34,RJ32GB7005,Balaji Dairy,2026-08-03,MC,,,,,,,,
5007,1296,2258,35,TG12T4949,Balaji Dairy,2026-08-03,BC,14419.06,14830.0032,3.860,8.320,572.4381,1233.8563,,
5008,1296,2258,35,TG12T4949,Balaji Dairy,2026-08-03,FC,13553.72,13940.0010,3.890,8.310,542.2660,1158.4141,,
5009,1296,2258,35,TG12T4949,Balaji Dairy,2026-08-03,MC,,,,,,,,
3443,1295,2259,36,TN52Q9387,S K A Dairy,2026-08-01,BC,,,,,,,,
3441,1295,2259,36,TN52Q9387,S K A Dairy,2026-08-01,FC,18930.48,19469.9987,3.800,8.160,739.8599,1588.7519,5,SINGAL KATA
3442,1295,2259,36,TN52Q9387,S K A Dairy,2026-08-01,MC,,,,,,,,
3686,1294,2260,37,TN24BC6019,S K A Dairy,2026-08-03,BC,11570.25,11900.0021,3.800,8.160,452.2001,971.0402,5,
3684,1294,2260,37,TN24BC6019,S K A Dairy,2026-08-03,FC,10228.49,10520.0020,4.000,8.330,420.8001,876.3162,5,
3685,1294,2260,37,TN24BC6019,S K A Dairy,2026-08-03,MC,,,,,,,,
4322,1293,2261,38,AP02TC1483,Bathalapalli ,2026-08-06,BC,5026.74,5170.0000,4.000,8.080,206.8000,417.7360,,
4320,1293,2261,38,AP02TC1483,Bathalapalli ,2026-08-06,FC,2421.00,2490.0000,5.500,8.520,136.9500,212.1480,,
4321,1293,2261,38,AP02TC1483,Bathalapalli ,2026-08-06,MC,3714.15,3820.0000,4.000,8.200,152.8000,313.2400,,
3710,1291,2263,40,AP03TJ0033,Balaji Dairy,2026-08-03,BC,12639.77,13000.0034,3.950,8.290,513.5001,1077.7003,,
3708,1291,2263,40,AP03TJ0033,Balaji Dairy,2026-08-03,FC,9684.01,9960.0043,4.050,8.220,403.3802,818.7124,,
3709,1291,2263,40,AP03TJ0033,Balaji Dairy,2026-08-03,MC,,,,,,,,
4325,1316,2266,43,AP03TE6660,NARMUL,2026-08-06,BC,2333.50,2400.0000,4.500,8.310,108.0000,199.4400,,
3851,1443,2360,43,AP03TE5699,S K A Dairy,2026-08-03,BC,11210.50,11529.9992,4.000,8.200,461.2000,945.4599,5,
4323,1316,2266,43,AP03TE6660,NARMUL,2026-08-06,FC,,,,,,,,
3849,1443,2360,43,AP03TE5699,S K A Dairy,2026-08-03,FC,12912.01,13280.0023,3.800,8.160,504.6401,1083.6482,5,
3850,1443,2360,43,AP03TE5699,S K A Dairy,2026-08-03,MC,,,,,,,,
4324,1316,2266,43,AP03TE6660,NARMUL,2026-08-06,MC,,,,,,,,
3653,1314,2267,44,AP03TE9069,Balaji Dairy,2026-08-03,BC,1983.47,2039.9989,5.810,8.620,118.5239,175.8479,,
3651,1314,2267,44,AP03TE9069,Balaji Dairy,2026-08-03,FC,3004.38,3090.0048,4.320,8.850,133.4882,273.4654,,
3652,1314,2267,44,AP03TE9069,Balaji Dairy,2026-08-03,MC,3052.99,3140.0002,3.770,8.610,118.3780,270.3540,,
3749,1419,2369,46,SALE TANKER,Milma Plant,2026-08-03,BC,,,,,,,,
3746,1418,2364,46,SALE TANKER,Milma Plant,2026-08-03,BC,,,,,,,,
3744,1418,2364,46,SALE TANKER,Milma Plant,2026-08-03,FC,14866.31,15289.9998,4.100,8.470,626.8900,1295.0630,,
3747,1419,2369,46,SALE TANKER,Milma Plant,2026-08-03,FC,14798.25,15220.0001,3.900,8.430,593.5800,1283.0460,,
3748,1419,2369,46,SALE TANKER,Milma Plant,2026-08-03,MC,,,,,,,,
3745,1418,2364,46,SALE TANKER,Milma Plant,2026-08-03,MC,,,,,,,,
3752,1420,2365,47,SALE TANKER,Milma Plant,2026-08-03,BC,,,,,,,,
3750,1420,2365,47,SALE TANKER,Milma Plant,2026-08-03,FC,22508.51,23150.0025,4.100,8.470,949.1501,1960.8052,,
3751,1420,2365,47,SALE TANKER,Milma Plant,2026-08-03,MC,,,,,,,,
3755,1423,2366,48,SALE TANKER,Milma Plant,2026-08-03,BC,,,,,,,,
3753,1423,2366,48,SALE TANKER,Milma Plant,2026-08-03,FC,14846.86,15269.9955,3.900,8.300,595.5298,1267.4096,,
3754,1423,2366,48,SALE TANKER,Milma Plant,2026-08-03,MC,,,,,,,,
3878,1349,2268,1,TN36AU2208,Balaji Dairy,2026-08-03,BC,9985.41,10269.9942,4.000,8.170,410.7998,839.0585,5.1,
3876,1349,2268,1,TN36AU2208,Balaji Dairy,2026-08-03,FC,8264.46,8499.9971,4.000,8.160,339.9999,693.5998,5.4,
3877,1349,2268,1,TN36AU2208,Balaji Dairy,2026-08-03,MC,,,,,,,,
3857,1402,2269,2,AP02TC1483,Bathalapalli ,2026-08-03,BC,5055.91,5200.0034,4.100,8.350,213.2001,434.2003,,
3855,1402,2269,2,AP02TC1483,Bathalapalli ,2026-08-03,FC,4171.12,4289.9969,4.200,8.240,180.1799,353.4957,,
3856,1402,2269,2,AP02TC1483,Bathalapalli ,2026-08-03,MC,1623.72,1669.9960,6.800,8.910,113.5597,148.7966,,
3893,1403,2270,3,AP39UE0787,Balaji Dairy,2026-08-04,BC,5853.18,6019.9956,3.820,8.170,229.9638,491.8336,5.0,
3891,1403,2270,3,AP39UE0787,Balaji Dairy,2026-08-04,FC,7418.57,7629.9992,3.870,8.210,295.2810,626.4229,5.4,
3892,1403,2270,3,AP39UE0787,Balaji Dairy,2026-08-04,MC,6757.41,6949.9962,3.819,8.210,265.4204,570.5947,5.4,
3875,1404,2271,4,AP03TE5888,Balaji Dairy,2026-08-03,BC,7943.61,8170.0029,3.890,8.120,317.8131,663.4042,5.1,
3873,1404,2271,4,AP03TE5888,Balaji Dairy,2026-08-03,FC,13417.60,13800.0016,3.920,8.200,540.9601,1131.6001,5.4,
3874,1404,2271,4,AP03TE5888,Balaji Dairy,2026-08-03,MC,,,,,,,,
3797,1406,2272,5,AP26TF4985,Balaji Dairy,2026-08-03,BC,11677.20,12010.0002,3.900,8.150,468.3900,978.8150,5.2,
3795,1406,2272,5,AP26TF4985,Balaji Dairy,2026-08-03,FC,8663.10,8909.9984,3.850,8.170,343.0349,727.9469,5.0,
3796,1406,2272,5,AP26TF4985,Balaji Dairy,2026-08-03,MC,,,,,,,,
3782,1407,2273,6,AP07TJ2180,Balaji Dairy,2026-08-03,BC,9090.91,9350.0009,3.890,8.170,363.7150,763.8951,5.0,
3780,1407,2273,6,AP07TJ2180,Balaji Dairy,2026-08-03,FC,7710.26,7930.0024,3.740,8.040,296.5821,637.5722,5.5,
3781,1407,2273,6,AP07TJ2180,Balaji Dairy,2026-08-03,MC,,,,,,,,
3665,1356,2274,7,AP03TF2538,Balaji Dairy,2026-08-03,BC,8789.50,9040.0008,3.820,8.020,345.3280,725.0081,,
3663,1356,2274,7,AP03TF2538,Balaji Dairy,2026-08-03,FC,7253.28,7459.9985,3.810,7.930,284.2259,591.5779,,
3664,1356,2274,7,AP03TF2538,Balaji Dairy,2026-08-03,MC,3023.82,3109.9989,3.920,8.050,121.9120,250.3549,,
3641,1351,2275,8,TN28AR1990,Balaji Dairy,2026-08-02,BC,9664.56,9940.0000,3.820,8.120,379.7080,807.1280,,
3639,1351,2275,8,TN28AR1990,Balaji Dairy,2026-08-02,FC,10111.81,10399.9966,3.720,8.110,386.8799,843.4397,,
3640,1351,2275,8,TN28AR1990,Balaji Dairy,2026-08-02,MC,,,,,,,,
3903,1352,2277,9,AP07TN0549,Balaji Dairy,2026-08-02,BC,9946.52,10229.9958,4.010,8.230,410.2228,841.9287,4.0,
3904,1352,2277,9,AP07TN0549,Balaji Dairy,2026-08-02,FC,9372.87,9639.9968,4.200,8.290,404.8799,799.1557,4.0,
3905,1352,2277,9,AP07TN0549,Balaji Dairy,2026-08-02,MC,,,,,,,,
3659,1354,2278,10,TN25BB1990,Balaji Dairy,2026-08-03,BC,5104.52,5249.9988,4.000,8.230,210.0000,432.0749,,
3657,1354,2278,10,TN25BB1990,Balaji Dairy,2026-08-03,FC,4958.68,5100.0024,3.890,8.170,198.3901,416.6702,,
3658,1354,2278,10,TN25BB1990,Balaji Dairy,2026-08-03,MC,3811.38,3920.0043,3.900,8.100,152.8802,317.5204,,
3788,1405,2279,11,AP39TB8024,Balaji Dairy,2026-08-03,BC,9372.87,9639.9968,4.200,8.280,404.8799,798.1917,4.8,
3786,1405,2279,11,AP39TB8024,Balaji Dairy,2026-08-03,FC,6961.59,7159.9953,4.150,8.250,297.1398,590.6996,4.6,
3787,1405,2279,11,AP39TB8024,Balaji Dairy,2026-08-03,MC,,,,,,,,
3881,1408,2310,12,TN34AH5181,Balaji Dairy,2026-08-03,BC,10140.98,10429.9979,4.020,8.300,419.2859,865.6898,5.0,
3879,1408,2310,12,TN34AH5181,Balaji Dairy,2026-08-03,FC,9421.49,9690.0025,3.970,8.400,384.6931,813.9602,5.4,
3880,1408,2310,12,TN34AH5181,Balaji Dairy,2026-08-03,MC,,,,,,,,
3776,1409,2281,13,AP39TK3377,Balaji Dairy,2026-08-03,BC,10529.90,10830.0021,3.960,8.170,428.8681,884.8112,5.0,
3774,1409,2281,13,AP39TK3377,Balaji Dairy,2026-08-03,FC,8478.37,8720.0035,3.880,8.180,338.3361,713.2963,5.4,
3775,1409,2281,13,AP39TK3377,Balaji Dairy,2026-08-03,MC,,,,,,,,
3668,1358,2282,14,AP04TW4458,Balaji Dairy,2026-08-03,BC,11239.67,11560.0006,4.060,8.170,469.3360,944.4520,,
3666,1358,2282,14,AP04TW4458,Balaji Dairy,2026-08-03,FC,8711.72,8960.0040,4.080,8.270,365.5682,740.9923,,
3667,1358,2282,14,AP04TW4458,Balaji Dairy,2026-08-03,MC,,,,,,,,
3803,1410,2283,15,AP03TE9419,Balaji Dairy,2026-08-03,BC,8847.84,9100.0034,4.060,8.280,369.4601,753.4803,4.8,
3801,1410,2283,15,AP03TE9419,Balaji Dairy,2026-08-03,FC,7049.10,7249.9994,4.040,8.280,292.9000,600.2999,4.7,
3802,1410,2283,15,AP03TE9419,Balaji Dairy,2026-08-03,MC,4151.68,4270.0029,4.170,8.300,178.0591,354.4102,5.2,
3791,1411,2309,16,AP03TE6599,Balaji Dairy,2026-08-03,BC,6981.04,7179.9996,4.020,8.340,288.6360,598.8120,4.2,
3789,1411,2309,16,AP03TE6599,Balaji Dairy,2026-08-03,FC,6932.43,7130.0043,3.990,8.280,284.4872,590.3644,4.4,
3790,1411,2309,16,AP03TE6599,Balaji Dairy,2026-08-03,MC,6222.65,6399.9955,3.960,8.300,253.4398,531.1996,4.6,
3888,1422,2308,17,TN13H2455,Balaji Dairy,2026-08-03,BC,7749.15,7970.0008,4.160,8.200,331.5520,653.5401,5.2,
3889,1422,2308,17,TN13H2455,Balaji Dairy,2026-08-03,FC,8245.02,8480.0031,5.660,8.820,479.9682,747.9363,5,
3890,1422,2308,17,TN13H2455,Balaji Dairy,2026-08-03,MC,,,,,,,,
3897,1415,2286,18,TN34AC5878,Balaji Dairy,2026-08-03,BC,3189.11,3279.9996,4.070,8.210,133.4960,269.2880,4.9,
3898,1415,2286,18,TN34AC5878,Balaji Dairy,2026-08-03,FC,3052.99,3140.0002,7.640,8.860,239.8960,278.2040,4.7,
3899,1415,2286,18,TN34AC5878,Balaji Dairy,2026-08-03,MC,,,,,,,,
6450,1440,2287,19,TN24BD4749,S K A Dairy,2026-08-03,BC,,,,,,,,
6451,1440,2287,19,TN24BD4749,S K A Dairy,2026-08-03,FC,24628.10,25330.0008,3.800,8.160,962.5400,2066.9281,5,Single weight
6452,1440,2287,19,TN24BD4749,S K A Dairy,2026-08-03,MC,,,,,,,,
4644,1412,2288,20,TN52Q9387,Balaji Dairy,2026-08-03,BC,10306.27,10600.0000,4.080,8.240,432.4800,873.4400,5.1,
4645,1412,2288,20,TN52Q9387,Balaji Dairy,2026-08-03,FC,10354.89,10650.0000,3.920,8.130,417.4800,865.8450,5.6,
4646,1412,2288,20,TN52Q9387,Balaji Dairy,2026-08-03,MC,,,,,,,,
3933,1439,2289,21,TN52P3684,S K A Dairy,2026-08-03,BC,10024.31,10310.0000,4.000,8.330,412.4000,858.8230,4,
3934,1439,2289,21,TN52P3684,S K A Dairy,2026-08-03,FC,7311.62,7520.0000,4.000,8.450,300.8000,635.4400,5,
3935,1439,2289,21,TN52P3684,S K A Dairy,2026-08-03,MC,,,,,,,,
3818,1433,2290,22,TN28BZ3247,S K A Dairy,2026-08-03,BC,10627.13,10930.0032,4.000,8.450,437.2001,923.5853,5,
3816,1433,2290,22,TN28BZ3247,S K A Dairy,2026-08-03,FC,8658.24,8904.9998,4.100,8.350,365.1050,743.5675,5,
3817,1433,2290,22,TN28BZ3247,S K A Dairy,2026-08-03,MC,,,,,,,,
3830,1436,2291,23,TN86B1591,S K A Dairy,2026-08-03,BC,,,,,,,,
3828,1436,2291,23,TN86B1591,S K A Dairy,2026-08-03,FC,21385.51,21994.9970,4.000,8.330,879.7999,1832.1833,5,Single weight
3829,1436,2291,23,TN86B1591,S K A Dairy,2026-08-03,MC,,,,,,,,
3848,1442,2292,24,TN863039,S K A Dairy,2026-08-03,BC,,,,,,,,
3846,1442,2292,24,TN863039,S K A Dairy,2026-08-03,FC,17885.27,18395.0002,3.700,8.010,680.6150,1473.4395,5,"FC,MC&RC Single weight "
3847,1442,2292,24,TN863039,S K A Dairy,2026-08-03,MC,,,,,,,,
3827,1435,2293,25,TN24AR2944,S K A Dairy,2026-08-03,BC,,,,,,,,
3825,1435,2293,25,TN24AR2944,S K A Dairy,2026-08-03,FC,18444.34,18970.0037,4.000,8.330,758.8001,1580.2013,5,Single weight 
3826,1435,2293,25,TN24AR2944,S K A Dairy,2026-08-03,MC,,,,,,,,
3900,1434,2294,26,TN28BB2353,S K A Dairy,2026-08-03,BC,10354.89,10650.0044,3.900,8.300,415.3502,883.9504,5,
3901,1434,2294,26,TN28BB2353,S K A Dairy,2026-08-03,FC,8945.07,9200.0045,4.000,8.330,368.0002,766.3604,5,
3902,1434,2294,26,TN28BB2353,S K A Dairy,2026-08-03,MC,,,,,,,,
3779,1421,2295,27,AP16TH5494,Balaji Dairy,2026-08-03,BC,9110.35,9369.9950,4.140,8.540,387.9178,800.1976,5.1,
3909,1446,2296,27,TS08UB0037,ARVAIS Dairy(HYD),2026-08-04,BC,5989.30,6159.9951,4.300,8.390,264.8798,516.8236,5.0,
3910,1446,2296,27,TS08UB0037,ARVAIS Dairy(HYD),2026-08-04,FC,6883.81,7079.9986,4.300,8.510,304.4399,602.5079,5.0,
3777,1421,2295,27,AP16TH5494,Balaji Dairy,2026-08-03,FC,9946.52,10229.9958,4.080,8.550,417.3838,874.6646,4.8,
3911,1446,2296,27,TS08UB0037,ARVAIS Dairy(HYD),2026-08-04,MC,,,,,,,,
3778,1421,2295,27,AP16TH5494,Balaji Dairy,2026-08-03,MC,,,,,,,,
3936,1416,2297,29,AP39UX5014,Bathalapalli ,2026-08-03,BC,14088.48,14490.0017,3.920,8.200,568.0081,1188.1801,5.4,
3937,1416,2297,29,AP39UX5014,Bathalapalli ,2026-08-03,FC,8983.96,9240.0029,3.890,8.300,359.4361,766.9202,5.2,
3938,1416,2297,29,AP39UX5014,Bathalapalli ,2026-08-03,MC,,,,,,,,
3821,1430,2298,30,AP39TF3392,S K A Dairy,2026-08-03,BC,15026.74,15455.0021,4.300,8.260,664.5651,1276.5832,5,
3819,1430,2298,30,AP39TF3392,S K A Dairy,2026-08-03,FC,14647.54,15064.9949,4.100,8.350,617.6648,1257.9271,5,
3820,1430,2298,30,AP39TF3392,S K A Dairy,2026-08-03,MC,,,,,,,,
3869,1428,2299,31,AP03TE5533,Balaji Dairy,2026-08-03,BC,10228.49,10520.0020,4.040,8.310,425.0081,874.2122,4.4,
3867,1428,2299,31,AP03TE5533,Balaji Dairy,2026-08-03,FC,8371.41,8609.9952,4.210,8.330,362.4808,717.2126,4.3,
3868,1428,2299,31,AP03TE5533,Balaji Dairy,2026-08-03,MC,,,,,,,,
3918,1414,2300,32,AP39WM0723,Balaji Dairy,2026-08-03,BC,14914.92,15339.9952,3.980,8.160,610.5318,1251.7436,5.2,
3919,1414,2300,32,AP39WM0723,Balaji Dairy,2026-08-03,FC,14827.42,15250.0015,3.920,8.150,597.8001,1242.8751,5.8,
3920,1414,2300,32,AP39WM0723,Balaji Dairy,2026-08-03,MC,,,,,,,,
3662,1355,2301,33,AP03TE9599,Balaji Dairy,2026-08-03,BC,3062.71,3149.9972,4.170,8.180,131.3549,257.6698,,
3660,1355,2301,33,AP03TE9599,Balaji Dairy,2026-08-03,FC,2741.86,2820.0030,4.230,8.220,119.2861,231.8042,,
3661,1355,2301,33,AP03TE9599,Balaji Dairy,2026-08-03,MC,3169.66,3259.9953,4.240,8.200,138.2238,267.3196,,
3845,1441,2302,34,AP39WB9499,S K A Dairy,2026-08-03,BC,11759.84,12094.9954,3.900,8.180,471.7048,989.3706,5,
3843,1441,2302,34,AP39WB9499,S K A Dairy,2026-08-03,FC,11706.37,12040.0015,3.800,8.160,457.5201,982.4641,5,
3844,1441,2302,34,AP39WB9499,S K A Dairy,2026-08-03,MC,,,,,,,,
3836,1438,2303,35,AP26TF3569,S K A Dairy,2026-08-03,BC,14832.28,15255.0000,3.800,8.160,579.6900,1244.8080,5,
3834,1438,2303,35,AP26TF3569,S K A Dairy,2026-08-03,FC,14968.40,15394.9994,3.900,8.300,600.4050,1277.7850,5,
3835,1438,2303,35,AP26TF3569,S K A Dairy,2026-08-03,MC,,,,,,,,
3833,1437,2304,36,TN52S7499,S K A Dairy,2026-08-03,BC,14535.73,14949.9983,3.800,8.410,568.0999,1257.2949,5,
3831,1437,2304,36,TN52S7499,S K A Dairy,2026-08-03,FC,14574.62,14989.9967,3.800,8.160,569.6199,1223.1837,5,
3832,1437,2304,36,TN52S7499,S K A Dairy,2026-08-03,MC,,,,,,,,
3767,1413,2305,37,AP03TJ0088,Balaji Dairy,2026-08-03,BC,7788.04,8009.9991,3.900,8.170,312.3900,654.4169,5.0,
3765,1413,2305,37,AP03TJ0088,Balaji Dairy,2026-08-03,FC,4929.51,5070.0010,3.910,8.210,198.2370,416.2471,5.6,
3766,1413,2305,37,AP03TJ0088,Balaji Dairy,2026-08-03,MC,7204.67,7410.0031,3.930,8.190,291.2131,606.8793,6.1,
3860,1444,2306,38,AP39UN4344,Bathalapalli ,2026-08-03,BC,8021.39,8249.9996,4.100,8.100,338.2500,668.2500,,
3858,1444,2306,38,AP39UN4344,Bathalapalli ,2026-08-03,FC,3169.66,3259.9953,5.100,8.430,166.2598,274.8176,,
3859,1444,2306,38,AP39UN4344,Bathalapalli ,2026-08-03,MC,,,,,,,,
3912,1429,2307,39,TN28AQ5726,Balaji Dairy,2026-08-03,BC,6631.02,6820.0041,3.990,8.220,272.1182,560.6043,4.7,
3913,1429,2307,39,TN28AQ5726,Balaji Dairy,2026-08-03,FC,5610.11,5769.9981,4.070,8.250,234.8389,476.0248,4.8,
3914,1429,2307,39,TN28AQ5726,Balaji Dairy,2026-08-03,MC,6689.35,6879.9965,3.970,8.310,273.1359,571.7277,5.1,
3635,1348,2311,40,AP03TE6660,NARMUL,2026-08-02,BC,2314.05,2380.0004,4.500,8.310,107.1000,197.7780,,
3633,1348,2311,40,AP03TE6660,NARMUL,2026-08-02,FC,,,,,,,,
3634,1348,2311,40,AP03TE6660,NARMUL,2026-08-02,MC,,,,,,,,
3638,1350,2313,42,AP03TE2079,Balaji Dairy,2026-08-02,BC,10374.33,10669.9984,3.850,8.250,410.7949,880.2749,,
3636,1350,2313,42,AP03TE2079,Balaji Dairy,2026-08-02,FC,4171.12,4289.9969,4.360,8.220,187.0439,352.6377,,
3637,1350,2313,42,AP03TE2079,Balaji Dairy,2026-08-02,MC,,,,,,,,
5010,1447,2314,43,AP39WH0612,S K A Dairy,2026-08-04,BC,7156.05,7360.0000,3.800,8.160,279.6800,600.5760,5.0,
5011,1447,2314,43,AP39WH0612,S K A Dairy,2026-08-04,FC,8774.91,9025.0000,3.800,8.300,342.9500,749.0750,5.0,
5012,1447,2314,43,AP39WH0612,S K A Dairy,2026-08-04,MC,7097.72,7300.0000,3.900,8.160,284.7000,595.6800,5.0,
3872,1445,2315,44,TN24AB6599,Balaji Dairy,2026-08-03,BC,8449.20,8690.0022,4.100,8.150,356.2901,708.2352,5.1,
3870,1445,2315,44,TN24AB6599,Balaji Dairy,2026-08-03,FC,5036.46,5179.9991,3.750,8.150,194.2500,422.1699,5.3,
3871,1445,2315,44,TN24AB6599,Balaji Dairy,2026-08-03,MC,,,,,,,,
3866,1427,2316,46,AP03TE9069,Balaji Dairy,2026-08-03,BC,3062.71,3149.9972,4.130,8.580,130.0949,270.2698,,
3864,1427,2316,46,AP03TE9069,Balaji Dairy,2026-08-03,FC,2975.21,3060.0035,4.300,8.600,131.5801,263.1603,,
3865,1427,2316,46,AP03TE9069,Balaji Dairy,2026-08-03,MC,1866.80,1920.0038,5.360,8.560,102.9122,164.3523,,
3809,1425,2367,47,SALE TANKER,Milma Plant,2026-08-03,BC,,,,,,,,
3807,1425,2367,47,SALE TANKER,Milma Plant,2026-08-03,FC,15508.02,15949.9986,3.900,8.300,622.0499,1323.8499,,
3808,1425,2367,47,SALE TANKER,Milma Plant,2026-08-03,MC,,,,,,,,
3813,1426,2368,48,SALE TANKER,Milma Plant,2026-08-03,BC,,,,,,,,
3814,1426,2368,48,SALE TANKER,Milma Plant,2026-08-03,FC,14953.82,15380.0039,4.100,8.470,630.5802,1302.6863,,
3815,1426,2368,48,SALE TANKER,Milma Plant,2026-08-03,MC,,,,,,,,
4043,1361,2317,1,TN28BF6792,Balaji Dairy,2026-08-04,BC,10218.77,10510.0049,4.070,8.200,427.7572,861.8204,,
4041,1361,2317,1,TN28BF6792,Balaji Dairy,2026-08-04,FC,8050.56,8280.0010,4.070,8.140,336.9960,673.9921,,
4042,1361,2317,1,TN28BF6792,Balaji Dairy,2026-08-04,MC,,,,,,,,
4052,1362,2318,2,AP39UN4344,Bathalapalli ,2026-08-04,BC,8011.67,8240.0026,4.200,8.240,346.0801,678.9762,,
4050,1362,2318,2,AP39UN4344,Bathalapalli ,2026-08-04,FC,3052.99,3140.0002,5.700,8.680,178.9800,272.5520,,
4051,1362,2318,2,AP39UN4344,Bathalapalli ,2026-08-04,MC,,,,,,,,
3953,1363,2319,3,TN86A9787,Balaji Dairy,2026-08-04,BC,9927.08,10210.0018,4.140,8.200,422.6941,837.2201,,
3951,1363,2319,3,TN86A9787,Balaji Dairy,2026-08-04,FC,10325.72,10620.0030,4.040,8.170,429.0481,867.6542,,
3952,1363,2319,3,TN86A9787,Balaji Dairy,2026-08-04,MC,,,,,,,,
3995,1364,2320,4,AP31TF6368,Balaji Dairy,2026-08-04,BC,7068.55,7270.0037,3.930,8.160,285.7111,593.2323,,
3993,1364,2320,4,AP31TF6368,Balaji Dairy,2026-08-04,FC,7146.33,7350.0004,4.140,8.150,304.2900,599.0250,,
3994,1364,2320,4,AP31TF6368,Balaji Dairy,2026-08-04,MC,7642.20,7860.0027,3.880,8.120,304.9681,638.2322,,
3974,1365,2321,5,AP03TF2538,Balaji Dairy,2026-08-04,BC,8808.95,9060.0051,3.900,8.120,353.3402,735.6724,,
3972,1365,2321,5,AP03TF2538,Balaji Dairy,2026-08-04,FC,7263.00,7469.9955,3.930,8.090,293.5708,604.3226,,
3973,1365,2321,5,AP03TF2538,Balaji Dairy,2026-08-04,MC,4472.53,4599.9971,3.820,8.150,175.7199,374.8998,,
4037,1366,2322,6,AP39WE8054,Balaji Dairy,2026-08-04,BC,6815.75,7009.9989,3.790,8.100,265.6790,567.8099,,
4035,1366,2322,6,AP39WE8054,Balaji Dairy,2026-08-04,FC,9888.19,10170.0034,3.800,8.160,386.4601,829.8723,,
4036,1366,2322,6,AP39WE8054,Balaji Dairy,2026-08-04,MC,,,,,,,,
3981,1367,2323,7,AP07TJ2180,Balaji Dairy,2026-08-04,BC,8974.23,9229.9956,4.090,8.190,377.5068,755.9366,,
3982,1367,2323,7,AP07TJ2180,Balaji Dairy,2026-08-04,FC,6990.76,7189.9967,4.030,8.190,289.7569,588.8607,,
3983,1367,2323,7,AP07TJ2180,Balaji Dairy,2026-08-04,MC,,,,,,,,
4164,1368,2324,8,AP03TE9419,Balaji Dairy,2026-08-04,BC,8935.34,9189.9972,4.120,8.270,378.6279,760.0128,,
4165,1368,2324,8,AP03TE9419,Balaji Dairy,2026-08-04,FC,7078.27,7280.0007,4.080,8.190,297.0240,596.2321,,
4166,1368,2324,8,AP03TE9419,Balaji Dairy,2026-08-04,MC,5493.44,5650.0030,4.110,8.380,232.2151,473.4703,,
3950,1369,2325,9,TN28AR1990,S K A Dairy,2026-08-04,BC,9392.32,9660.0011,4.160,8.180,401.8560,790.1881,,
3948,1369,2325,9,TN28AR1990,S K A Dairy,2026-08-04,FC,9256.20,9520.0017,4.150,8.090,395.0801,770.1681,,
3949,1369,2325,9,TN28AR1990,S K A Dairy,2026-08-04,MC,,,,,,,,
3986,1370,2326,10,AP07TN0549,Balaji Dairy,2026-08-04,BC,9907.63,10189.9975,4.060,8.320,413.7139,847.8078,,
3984,1370,2326,10,AP07TN0549,Balaji Dairy,2026-08-04,FC,8303.35,8539.9955,4.080,8.190,348.4318,699.4256,,
3985,1370,2326,10,AP07TN0549,Balaji Dairy,2026-08-04,MC,,,,,,,,
4082,1371,2327,11,AP03TA8424,S K A Dairy,2026-08-04,BC,7510.94,7725.0018,4.000,8.200,309.0001,633.4501,,
4080,1371,2327,11,AP03TA8424,S K A Dairy,2026-08-04,FC,7700.53,7919.9951,4.000,8.200,316.7998,649.4396,,
4081,1371,2327,11,AP03TA8424,S K A Dairy,2026-08-04,MC,4827.42,4965.0015,3.900,8.180,193.6351,406.1371,,
4070,1372,2328,12,TN25BB1990,Balaji Dairy,2026-08-04,BC,5085.08,5230.0048,4.250,8.110,222.2752,424.1534,,
4068,1372,2328,12,TN25BB1990,Balaji Dairy,2026-08-04,FC,5172.58,5319.9985,5.500,8.580,292.5999,456.4559,,
4069,1372,2328,12,TN25BB1990,Balaji Dairy,2026-08-04,MC,3228.00,3319.9980,5.450,8.520,180.9399,282.8638,,
4055,1373,2329,13,AP03TE9599,Bathalapalli ,2026-08-04,BC,1419.54,1459.9969,7.300,8.640,106.5798,126.1437,,
4053,1373,2329,13,AP03TE9599,Bathalapalli ,2026-08-04,FC,1730.68,1780.0044,7.100,8.600,126.3803,153.0804,,
4054,1373,2329,13,AP03TE9599,Bathalapalli ,2026-08-04,MC,3140.50,3230.0043,4.100,8.100,132.4302,261.6303,,
4116,1374,2330,14,TN24BD4749,S K A Dairy,2026-08-04,BC,12280.02,12630.0006,3.810,8.200,481.2030,1035.6600,,
4117,1374,2330,14,TN24BD4749,S K A Dairy,2026-08-04,FC,12192.51,12539.9965,4.300,8.150,539.2199,1022.0097,,
4118,1374,2330,14,TN24BD4749,S K A Dairy,2026-08-04,MC,,,,,,,,
3977,1375,2331,15,AP03TE2079,Balaji Dairy,2026-08-04,BC,10442.39,10739.9981,3.980,8.140,427.4519,874.2358,,
3975,1375,2331,15,AP03TE2079,Balaji Dairy,2026-08-04,FC,9586.78,9860.0032,4.290,8.110,422.9941,799.6463,,
3976,1375,2331,15,AP03TE2079,Balaji Dairy,2026-08-04,MC,,,,,,,,
4019,1376,2332,16,AP03TC7799,S K A Dairy,2026-08-04,BC,9878.46,10159.9961,4.200,8.490,426.7198,862.5837,5,
4017,1376,2332,16,AP03TC7799,S K A Dairy,2026-08-04,FC,7282.45,7489.9998,4.100,8.470,307.0900,634.4030,5,
4018,1376,2332,16,AP03TC7799,S K A Dairy,2026-08-04,MC,,,,,,,,
4022,1377,2333,17,TN52P3684,S K A Dairy,2026-08-04,BC,9241.61,9504.9959,4.000,8.330,380.1998,791.7662,5,
4020,1377,2333,17,TN52P3684,S K A Dairy,2026-08-04,FC,9912.49,10194.9960,4.100,8.350,417.9948,851.2822,5,
4021,1377,2333,17,TN52P3684,S K A Dairy,2026-08-04,MC,,,,,,,,
4034,1378,2334,18,TN28BA2919,S K A Dairy,2026-08-04,BC,10461.84,10760.0024,4.100,8.350,441.1601,898.4602,5,
4032,1378,2334,18,TN28BA2919,S K A Dairy,2026-08-04,FC,9071.46,9329.9966,4.000,8.350,373.1999,779.0547,5,
4033,1378,2334,18,TN28BA2919,S K A Dairy,2026-08-04,MC,,,,,,,,
3854,1379,2335,19,TN863039,S K A Dairy,2026-08-03,BC,7136.61,7340.0034,4.100,8.350,300.9401,612.8903,5,
3852,1379,2335,19,TN863039,S K A Dairy,2026-08-03,FC,6154.59,6329.9958,3.900,8.430,246.8698,533.6186,5,
3853,1379,2335,19,TN863039,S K A Dairy,2026-08-03,MC,3096.74,3184.9971,4.200,8.370,133.7699,266.5843,5,
4028,1380,2336,20,TN24AR2944,S K A Dairy,2026-08-04,BC,9844.43,10124.9963,3.800,8.030,384.7499,813.0372,5,
4026,1380,2336,20,TN24AR2944,S K A Dairy,2026-08-04,FC,7943.61,8170.0029,3.700,8.010,302.2901,654.4172,5,
4027,1380,2336,20,TN24AR2944,S K A Dairy,2026-08-04,MC,,,,,,,,
4010,1381,2337,21,TN28BB2353,S K A Dairy,2026-08-04,BC,,,,,,,,
4008,1381,2337,21,TN28BB2353,S K A Dairy,2026-08-04,FC,17919.30,18430.0001,4.100,8.350,755.6300,1538.9050,5,FC BC single weight
4009,1381,2337,21,TN28BB2353,S K A Dairy,2026-08-04,MC,,,,,,,,
4016,1382,2338,22,TN86B1591,S K A Dairy,2026-08-04,BC,10889.65,11200.0050,4.200,8.370,470.4002,937.4404,5,
4014,1382,2338,22,TN86B1591,S K A Dairy,2026-08-04,FC,8196.40,8429.9974,4.000,8.330,337.1999,702.2188,5,
4015,1382,2338,22,TN86B1591,S K A Dairy,2026-08-04,MC,,,,,,,,
4086,1383,2339,23,AP04TW4458,Balaji Dairy,2026-08-04,BC,11220.23,11540.0066,4.130,8.540,476.6023,985.5166,,
4087,1383,2339,23,AP04TW4458,Balaji Dairy,2026-08-04,FC,8808.95,9060.0051,4.100,8.610,371.4602,780.0664,,
4088,1383,2339,23,AP04TW4458,Balaji Dairy,2026-08-04,MC,,,,,,,,
4058,1384,2340,24,AP03TE5050,Bathalapalli ,2026-08-04,BC,12075.84,12420.0014,4.100,8.220,509.2201,1020.9241,,
4056,1384,2340,24,AP03TE5050,Bathalapalli ,2026-08-04,FC,11103.55,11420.0012,4.200,8.240,479.6400,941.0081,,
4057,1384,2340,24,AP03TE5050,Bathalapalli ,2026-08-04,MC,,,,,,,,
4079,1385,2341,25,AP26TF3569,S K A Dairy,2026-08-04,BC,,,,,,,,
4077,1385,2341,25,AP26TF3569,S K A Dairy,2026-08-04,FC,29538.16,30379.9976,4.100,8.350,1245.5799,2536.7298,,
4078,1385,2341,25,AP26TF3569,S K A Dairy,2026-08-04,MC,,,,,,,,
4089,1386,2342,26,TN76AL9919,ARVAIS Dairy(HYD),2026-08-04,BC,10111.81,10399.9966,4.100,8.350,426.3999,868.3997,,
4090,1386,2342,26,TN76AL9919,ARVAIS Dairy(HYD),2026-08-04,FC,8556.15,8800.0003,4.300,8.390,378.4000,738.3200,,
4091,1386,2342,26,TN76AL9919,ARVAIS Dairy(HYD),2026-08-04,MC,,,,,,,,
3998,1387,2343,27,AP39TD1229,Balaji Dairy,2026-08-04,BC,14710.74,15129.9961,4.270,8.210,646.0508,1242.1727,,
3996,1387,2343,27,AP39TD1229,Balaji Dairy,2026-08-04,FC,11803.60,12140.0026,4.210,8.220,511.0941,997.9082,,
3997,1387,2343,27,AP39TD1229,Balaji Dairy,2026-08-04,MC,,,,,,,,
4046,1388,2344,28,AP39UX5014,Balaji Dairy,2026-08-04,BC,14117.65,14520.0030,3.980,8.120,577.8961,1179.0242,,
4044,1388,2344,28,AP39UX5014,Balaji Dairy,2026-08-04,FC,11832.77,12170.0039,3.730,8.100,453.9411,985.7703,,
4045,1388,2344,28,AP39UX5014,Balaji Dairy,2026-08-04,MC,,,,,,,,
4007,1389,2345,29,AP03TE5699,S K A Dairy,2026-08-04,BC,11108.41,11424.9997,3.800,8.160,434.1500,932.2800,5,
4005,1389,2345,29,AP03TE5699,S K A Dairy,2026-08-04,FC,12950.90,13320.0007,3.900,8.180,519.4800,1089.5761,5,
4006,1389,2345,29,AP03TE5699,S K A Dairy,2026-08-04,MC,,,,,,,,
4013,1390,2346,30,TG12T4949,S K A Dairy,2026-08-04,BC,14380.17,14790.0048,3.900,8.300,576.8102,1227.5704,5,
4011,1390,2346,30,TG12T4949,S K A Dairy,2026-08-04,FC,14487.12,14900.0029,3.900,8.430,581.1001,1256.0702,5,
4012,1390,2346,30,TG12T4949,S K A Dairy,2026-08-04,MC,,,,,,,,
4031,1391,2347,31,RJ32GB7005,S K A Dairy,2026-08-04,BC,,,,,,,,
4029,1391,2347,31,RJ32GB7005,S K A Dairy,2026-08-04,FC,30077.78,30934.9967,3.900,8.300,1206.4649,2567.6047,5,Single weight
4030,1391,2347,31,RJ32GB7005,S K A Dairy,2026-08-04,MC,,,,,,,,
4004,1392,2348,32,AP39TF3392,Balaji Dairy,2026-08-04,BC,14992.71,15420.0022,4.030,8.240,621.4261,1270.6082,,
4002,1392,2348,32,AP39TF3392,Balaji Dairy,2026-08-04,FC,15002.43,15429.9993,4.030,8.230,621.8290,1269.8889,,
4003,1392,2348,32,AP39TF3392,Balaji Dairy,2026-08-04,MC,,,,,,,,
4061,1393,2349,33,AP02TC1483,Bathalapalli ,2026-08-04,BC,5036.46,5179.9991,4.000,8.080,207.2000,418.5439,,
4059,1393,2349,33,AP02TC1483,Bathalapalli ,2026-08-04,FC,2459.89,2529.9969,5.300,8.470,134.0898,214.2907,,
4060,1393,2349,33,AP02TC1483,Bathalapalli ,2026-08-04,MC,3636.36,3739.9963,4.000,8.200,149.5999,306.6797,,
3944,1394,2350,34,AP07TF2421,Balaji Dairy,2026-08-04,BC,10102.09,10389.9996,3.890,8.250,404.1710,857.1750,,
3942,1394,2350,34,AP07TF2421,Balaji Dairy,2026-08-04,FC,6494.90,6680.0047,4.200,8.140,280.5602,543.7524,,
3943,1394,2350,34,AP07TF2421,Balaji Dairy,2026-08-04,MC,,,,,,,,
4161,1395,2351,35,AP03TE6599,Balaji Dairy,2026-08-04,BC,6981.04,7179.9996,4.000,8.250,287.2000,592.3500,,
4162,1395,2351,35,AP03TE6599,Balaji Dairy,2026-08-04,FC,7078.27,7280.0007,4.160,8.310,302.8480,604.9681,,
4163,1395,2351,35,AP03TE6599,Balaji Dairy,2026-08-04,MC,7107.44,7310.0020,4.050,8.260,296.0551,603.8062,,
4049,1396,2355,36,AP39TK3377,Balaji Dairy,2026-08-04,BC,10500.73,10800.0008,3.830,8.030,413.6400,867.2401,,
4047,1396,2355,36,AP39TK3377,Balaji Dairy,2026-08-04,FC,9120.08,9380.0023,3.630,8.010,340.4941,751.3382,,
4048,1396,2355,36,AP39TK3377,Balaji Dairy,2026-08-04,MC,,,,,,,,
4092,1397,2356,37,TN52Q9387,Balaji Dairy,2026-08-04,BC,10209.04,10500.0000,4.170,8.240,437.8500,865.2000,,
4093,1397,2356,37,TN52Q9387,Balaji Dairy,2026-08-04,FC,11813.32,12150.0000,4.260,8.270,517.5900,1004.8050,,
4094,1397,2356,37,TN52Q9387,Balaji Dairy,2026-08-04,MC,,,,,,,,
3989,1398,2361,38,TS07UL3304,ARVAIS Dairy(HYD),2026-08-04,BC,7292.17,7499.9968,4.400,8.410,329.9999,630.7497,4.0,
4158,1399,2357,38,TN34AC5878,Balaji Dairy,2026-08-04,BC,5153.14,5300.0045,4.060,8.290,215.1802,439.3704,,
4159,1399,2357,38,TN34AC5878,Balaji Dairy,2026-08-04,FC,3208.56,3300.0040,3.940,8.220,130.0202,271.2603,,
3987,1398,2361,38,TS07UL3304,ARVAIS Dairy(HYD),2026-08-04,FC,5571.22,5729.9998,4.300,8.390,246.3900,480.7470,4.0,
3988,1398,2361,38,TS07UL3304,ARVAIS Dairy(HYD),2026-08-04,MC,,,,,,,,
4160,1399,2357,38,TN34AC5878,Balaji Dairy,2026-08-04,MC,,,,,,,,
3966,1400,2358,39,AP26TF4985,Balaji Dairy,2026-08-04,BC,11550.80,11879.9978,3.960,8.200,470.4479,974.1598,,
3967,1400,2358,39,AP26TF4985,Balaji Dairy,2026-08-04,FC,10578.51,10879.9975,3.950,8.170,429.7599,888.8958,,
3968,1400,2358,39,AP26TF4985,Balaji Dairy,2026-08-04,MC,,,,,,,,
4076,1401,2359,40,TN24BC6019,S K A Dairy,2026-08-04,BC,,,,,,,,
4074,1401,2359,40,TN24BC6019,S K A Dairy,2026-08-04,FC,22241.13,22875.0022,4.000,8.330,915.0001,1905.4877,,
4075,1401,2359,40,TN24BC6019,S K A Dairy,2026-08-04,MC,,,,,,,,
7209,1432,2371,41,TN13H2455,Balaji Dairy,2026-08-04,BC,9596.50,9870.0003,3.860,8.260,380.9820,815.2620,,
7210,1432,2371,41,TN13H2455,Balaji Dairy,2026-08-04,FC,9956.25,10240.0031,4.110,8.190,420.8641,838.6563,,
7211,1432,2371,41,TN13H2455,Balaji Dairy,2026-08-04,MC,,,,,,,,
4067,1456,2373,42,TS08UF8732,NARMUL,2026-08-04,BC,2323.77,2389.9974,4.400,8.280,105.1599,197.8918,,
4065,1456,2373,42,TS08UF8732,NARMUL,2026-08-04,FC,,,,,,,,
4066,1456,2373,42,TS08UF8732,NARMUL,2026-08-04,MC,,,,,,,,
4235,1457,2374,1,AP39TB8024,Balaji Dairy,2026-08-05,BC,9402.04,9669.9981,4.050,8.230,391.6349,795.8408,,
4233,1457,2374,1,AP39TB8024,Balaji Dairy,2026-08-05,FC,8351.97,8590.0011,4.130,8.130,354.7670,698.3671,,
4234,1457,2374,1,AP39TB8024,Balaji Dairy,2026-08-05,MC,,,,,,,,
4178,1458,2375,2,AP02TC1483,Bathalapalli ,2026-08-05,BC,5036.46,5179.9991,4.200,8.240,217.5600,426.8319,,
4176,1458,2375,2,AP02TC1483,Bathalapalli ,2026-08-05,FC,4297.52,4419.9993,4.200,8.240,185.6400,364.2079,,
4177,1458,2375,2,AP02TC1483,Bathalapalli ,2026-08-05,MC,1643.17,1690.0003,6.800,8.910,114.9200,150.5790,,
4142,1459,2376,3,TN34AH5181,Balaji Dairy,2026-08-05,BC,10043.75,10329.9969,3.900,8.150,402.8699,841.8947,,
4140,1459,2376,3,TN34AH5181,Balaji Dairy,2026-08-05,FC,10034.03,10319.9999,3.910,8.150,403.5120,841.0800,,
4141,1459,2376,3,TN34AH5181,Balaji Dairy,2026-08-05,MC,,,,,,,,
4281,1460,2377,4,TN36AU2208,Balaji Dairy,2026-08-05,BC,9946.52,10229.9958,3.870,8.160,395.9008,834.7677,,
4282,1460,2377,4,TN36AU2208,Balaji Dairy,2026-08-05,FC,10014.58,10299.9955,3.880,8.080,399.6398,832.2396,,
4283,1460,2377,4,TN36AU2208,Balaji Dairy,2026-08-05,MC,,,,,,,,
4139,1461,2378,5,AP26TF4985,Balaji Dairy,2026-08-05,BC,11667.48,12000.0032,3.980,8.120,477.6001,974.4003,,
4137,1461,2378,5,AP26TF4985,Balaji Dairy,2026-08-05,FC,10277.10,10569.9974,3.950,8.120,417.5149,858.2838,,
4138,1461,2378,5,AP26TF4985,Balaji Dairy,2026-08-05,MC,,,,,,,,
4172,1462,2379,6,AP39UN4344,Bathalapalli ,2026-08-05,BC,7943.61,8170.0029,4.000,8.080,326.8001,660.1362,,
4170,1462,2379,6,AP39UN4344,Bathalapalli ,2026-08-05,FC,3159.94,3249.9983,5.000,8.410,162.4999,273.3249,,
4171,1462,2379,6,AP39UN4344,Bathalapalli ,2026-08-05,MC,,,,,,,,
4211,1463,2380,7,AP07TF2421,Balaji Dairy,2026-08-05,BC,10063.20,10350.0012,4.000,8.100,414.0000,838.3501,,
4209,1463,2380,7,AP07TF2421,Balaji Dairy,2026-08-05,FC,6485.17,6669.9973,3.840,8.130,256.1279,542.2708,,
4210,1463,2380,7,AP07TF2421,Balaji Dairy,2026-08-05,MC,,,,,,,,
4935,1464,2381,8,AP39UE0787,S K A Dairy,2026-08-05,BC,6572.68,6760.0014,3.900,8.180,263.6401,552.9681,,
4936,1464,2381,8,AP39UE0787,S K A Dairy,2026-08-05,FC,7433.16,7645.0051,3.800,8.280,290.5102,633.0064,,
4937,1464,2381,8,AP39UE0787,S K A Dairy,2026-08-05,MC,7399.12,7609.9949,3.700,8.140,281.5698,619.4536,,
4100,1470,2382,9,AP39WH0612,S K A Dairy,2026-08-05,BC,,,,,,,,
4098,1470,2382,9,AP39WH0612,S K A Dairy,2026-08-05,FC,22581.43,23225.0008,3.900,8.180,905.7750,1899.8051,5,signal weight fcmcbc
4099,1470,2382,9,AP39WH0612,S K A Dairy,2026-08-05,MC,,,,,,,,
4293,1465,2383,10,TN28AR1990,Balaji Dairy,2026-08-05,BC,9936.80,10219.9988,4.150,8.290,424.1300,847.2379,,
4294,1465,2383,10,TN28AR1990,Balaji Dairy,2026-08-05,FC,10063.20,10350.0012,3.960,8.200,409.8600,848.7001,,
4295,1465,2383,10,TN28AR1990,Balaji Dairy,2026-08-05,MC,,,,,,,,
4194,1471,2384,11,TN86A9787,Balaji Dairy,2026-08-05,BC,9965.97,10250.0000,4.090,8.210,419.2250,841.5250,,
4195,1471,2384,11,TN86A9787,Balaji Dairy,2026-08-05,FC,11249.39,11570.0000,4.250,8.160,491.7250,944.1120,,
4196,1471,2384,11,TN86A9787,Balaji Dairy,2026-08-05,MC,,,,,,,,
4269,1472,2386,12,TN28AQ5726,Balaji Dairy,2026-08-05,BC,6650.46,6839.9981,4.140,8.220,283.1759,562.2478,,
4270,1472,2386,12,TN28AQ5726,Balaji Dairy,2026-08-05,FC,6728.25,6920.0051,4.130,8.340,285.7962,577.1284,,
4271,1472,2386,12,TN28AQ5726,Balaji Dairy,2026-08-05,MC,6436.56,6620.0020,4.210,8.280,278.7021,548.1362,,
4272,1473,2385,13,AP03TE5888,Balaji Dairy,2026-08-05,BC,8176.96,8410.0034,4.110,8.230,345.6511,692.1433,,
4273,1473,2385,13,AP03TE5888,Balaji Dairy,2026-08-05,FC,14069.03,14469.9974,4.140,8.250,599.0579,1193.7748,,
4274,1473,2385,13,AP03TE5888,Balaji Dairy,2026-08-05,MC,,,,,,,,
4947,1449,2387,14,TN52P3684,S K A Dairy,2026-08-05,BC,9368.01,9634.9983,3.900,8.180,375.7649,788.1429,,
4948,1449,2387,14,TN52P3684,S K A Dairy,2026-08-05,FC,9368.01,9634.9983,3.800,8.160,366.1299,786.2159,,
4949,1449,2387,14,TN52P3684,S K A Dairy,2026-08-05,MC,,,,,,,,
4151,1474,2388,15,AP07TJ2180,Balaji Dairy,2026-08-05,BC,6465.73,6650.0033,4.220,8.130,280.6301,540.6453,,
4149,1474,2388,15,AP07TJ2180,Balaji Dairy,2026-08-05,FC,7340.79,7550.0025,5.900,8.730,445.4501,659.1152,,
4150,1474,2388,15,AP07TJ2180,Balaji Dairy,2026-08-05,MC,,,,,,,,
4148,1469,2389,16,AP03TE9069,Balaji Dairy,2026-08-05,BC,1944.58,2000.0005,7.610,9.000,152.2000,180.0000,,
4146,1469,2389,16,AP03TE9069,Balaji Dairy,2026-08-05,FC,3062.71,3149.9972,4.190,8.330,131.9849,262.3948,,
4147,1469,2389,16,AP03TE9069,Balaji Dairy,2026-08-05,MC,1234.81,1270.0021,7.400,8.920,93.9802,113.2842,,
4238,1466,2393,17,TN52Q9387,Balaji Dairy,2026-08-05,BC,10082.64,10369.9952,3.880,8.090,402.3558,838.9326,,
4236,1466,2393,17,TN52Q9387,Balaji Dairy,2026-08-05,FC,9275.64,9539.9957,3.980,8.160,379.6918,778.4637,,
4237,1466,2393,17,TN52Q9387,Balaji Dairy,2026-08-05,MC,,,,,,,,
4124,1468,2390,18,AP07TN0549,Balaji Dairy,2026-08-05,BC,9985.42,10270.0045,4.180,8.180,429.2862,840.0864,,
4122,1468,2390,18,AP07TN0549,Balaji Dairy,2026-08-05,FC,5969.86,6140.0010,4.020,8.080,246.8280,496.1121,,
4123,1468,2390,18,AP07TN0549,Balaji Dairy,2026-08-05,MC,,,,,,,,
4214,1475,2391,19,AP03TE2079,Balaji Dairy,2026-08-05,BC,10131.26,10420.0009,3.720,8.230,387.6240,857.5661,,
4212,1475,2391,19,AP03TE2079,Balaji Dairy,2026-08-05,FC,7574.14,7790.0030,4.510,8.150,351.3291,634.8852,,
4213,1475,2391,19,AP03TE2079,Balaji Dairy,2026-08-05,MC,,,,,,,,
4145,1467,2392,20,AP03TF2538,Balaji Dairy,2026-08-05,BC,8740.88,8989.9951,3.910,8.040,351.5088,722.7956,,
4143,1467,2392,20,AP03TF2538,Balaji Dairy,2026-08-05,FC,7243.56,7450.0015,3.850,7.920,286.8251,590.0401,,
4144,1467,2392,20,AP03TF2538,Balaji Dairy,2026-08-05,MC,4278.07,4399.9950,3.880,8.090,170.7198,355.9596,,
4356,1450,2394,21,AP03TE6599,Balaji Dairy,2026-08-04,BC,7068.55,7270.0037,4.050,8.270,294.4351,601.2293,,
4357,1450,2394,21,AP03TE6599,Balaji Dairy,2026-08-04,FC,7078.27,7280.0007,4.080,8.300,297.0240,604.2401,,
4358,1450,2394,21,AP03TE6599,Balaji Dairy,2026-08-04,MC,6864.37,7060.0045,4.070,8.250,287.3422,582.4504,,
4275,1489,2395,22,TN28BZ3247,S K A Dairy,2026-08-05,BC,,,,,,,,
4276,1489,2395,22,TN28BZ3247,S K A Dairy,2026-08-05,FC,17053.96,17539.9979,4.100,8.350,719.1399,1464.5898,,
4277,1489,2395,22,TN28BZ3247,S K A Dairy,2026-08-05,MC,,,,,,,,
4097,1490,2396,23,TN28BB2353,S K A Dairy,2026-08-05,BC,10136.12,10424.9994,4.000,8.330,417.0000,868.4025,5,
4095,1490,2396,23,TN28BB2353,S K A Dairy,2026-08-05,FC,9193.00,9455.0005,4.100,8.350,387.6550,789.4925,5,
4096,1490,2396,23,TN28BB2353,S K A Dairy,2026-08-05,MC,,,,,,,,
4085,1455,2397,24,AP03TC7799,S K A Dairy,2026-08-04,BC,9761.79,10040.0010,3.800,8.160,381.5200,819.2641,5,
4083,1455,2397,24,AP03TC7799,S K A Dairy,2026-08-04,FC,7938.75,8165.0044,3.700,8.010,302.1052,654.0169,5,
4084,1455,2397,24,AP03TC7799,S K A Dairy,2026-08-04,MC,,,,,,,,
4184,1452,2398,25,TN28BA2919,S K A Dairy,2026-08-05,BC,,,,,,,,
4182,1452,2398,25,TN28BA2919,S K A Dairy,2026-08-05,FC,,,,,,,,
4183,1452,2398,25,TN28BA2919,S K A Dairy,2026-08-05,MC,17880.41,18390.0017,4.000,8.330,735.6001,1531.8871,5.0,fc bc singel vaymnent
4103,1453,2399,26,TN863039,S K A Dairy,2026-08-05,BC,7029.65,7229.9950,4.000,8.450,289.1998,610.9346,5,
4101,1453,2399,26,TN863039,S K A Dairy,2026-08-05,FC,5789.99,5955.0047,4.000,8.330,238.2002,496.0519,5,
4102,1453,2399,26,TN863039,S K A Dairy,2026-08-05,MC,6115.70,6289.9975,4.000,8.330,251.5999,523.9568,5,
4223,1491,2400,27,AP03TE9419,Balaji Dairy,2026-08-05,BC,8925.62,9180.0002,4.260,8.520,391.0680,782.1360,,
4221,1491,2400,27,AP03TE9419,Balaji Dairy,2026-08-05,FC,7087.99,7289.9977,4.160,8.640,303.2639,629.8558,,
4222,1491,2400,27,AP03TE9419,Balaji Dairy,2026-08-05,MC,4200.29,4319.9983,4.180,8.490,180.5759,366.7679,,
4157,1492,2401,28,TN24AB6599,Balaji Dairy,2026-08-05,BC,7126.88,7329.9961,5.020,8.630,367.9658,632.5787,,
4155,1492,2401,28,TN24AB6599,Balaji Dairy,2026-08-05,FC,5940.69,6109.9997,4.320,8.550,263.9520,522.4050,,
4156,1492,2401,28,TN24AB6599,Balaji Dairy,2026-08-05,MC,,,,,,,,
4229,1451,2402,29,TS07UL3304,NARMUL,2026-08-05,BC,7510.94,7725.0018,4.300,8.260,332.1751,638.0851,4.0,
4227,1451,2402,29,TS07UL3304,NARMUL,2026-08-05,FC,5405.93,5559.9990,4.300,8.390,239.0800,466.4839,4.0,
4228,1451,2402,29,TS07UL3304,NARMUL,2026-08-05,MC,,,,,,,,
4208,1488,2403,30,AP03TE5050,Balaji Dairy,2026-08-05,BC,11949.44,12289.9990,4.230,8.270,519.8670,1016.3829,,
4206,1488,2403,30,AP03TE5050,Balaji Dairy,2026-08-05,FC,11035.49,11350.0015,4.260,8.280,483.5101,939.7801,,
4207,1488,2403,30,AP03TE5050,Balaji Dairy,2026-08-05,MC,,,,,,,,
4253,1493,2404,31,RJ32GB7005,S K A Dairy,2026-08-05,BC,,,,,,,,
4251,1493,2404,31,RJ32GB7005,S K A Dairy,2026-08-05,FC,29581.92,30425.0047,4.100,8.220,1247.4252,2500.9354,,
4252,1493,2404,31,RJ32GB7005,S K A Dairy,2026-08-05,MC,,,,,,,,
4220,1487,2405,32,AP03TE5533,Balaji Dairy,2026-08-05,BC,10082.64,10369.9952,4.190,8.350,434.5028,865.8946,,
4218,1487,2405,32,AP03TE5533,Balaji Dairy,2026-08-05,FC,8565.87,8809.9973,4.190,8.200,369.1389,722.4198,,
4219,1487,2405,32,AP03TE5533,Balaji Dairy,2026-08-05,MC,,,,,,,,
4154,1478,2406,33,AP39WM0723,Balaji Dairy,2026-08-05,BC,14934.37,15359.9995,4.070,8.200,625.1520,1259.5200,,
4152,1478,2406,33,AP39WM0723,Balaji Dairy,2026-08-05,FC,11560.53,11890.0051,4.150,8.150,493.4352,969.0354,,
4153,1478,2406,33,AP39WM0723,Balaji Dairy,2026-08-05,MC,,,,,,,,
4232,1476,2407,34,TN30CL2599,Balaji Dairy,2026-08-05,BC,11307.73,11630.0003,3.760,8.110,437.2880,943.1930,,
4230,1476,2407,34,TN30CL2599,Balaji Dairy,2026-08-05,FC,14000.97,14399.9976,4.220,8.080,607.6799,1163.5198,,
4231,1476,2407,34,TN30CL2599,Balaji Dairy,2026-08-05,MC,,,,,,,,
4278,1479,2408,35,AP39WB9499,Balaji Dairy,2026-08-05,BC,11784.15,12120.0000,3.890,8.170,471.4680,990.2040,,
4279,1479,2408,35,AP39WB9499,Balaji Dairy,2026-08-05,FC,11706.37,12040.0000,4.080,8.150,491.2320,981.2600,,
4280,1479,2408,35,AP39WB9499,Balaji Dairy,2026-08-05,MC,,,,,,,,
4106,1454,2409,36,TN24AR2944,S K A Dairy,2026-08-05,BC,9786.10,10065.0039,3.800,8.280,382.4701,833.3823,5,
4104,1454,2409,36,TN24AR2944,S K A Dairy,2026-08-05,FC,9990.28,10275.0030,3.800,8.280,390.4501,850.7702,5,
4105,1454,2409,36,TN24AR2944,S K A Dairy,2026-08-05,MC,,,,,,,,
4190,1477,2410,37,TN86B1591,S K A Dairy,2026-08-05,BC,,,,,,,,
4188,1477,2410,37,TN86B1591,S K A Dairy,2026-08-05,FC,,,,,,,,
4189,1477,2410,37,TN86B1591,S K A Dairy,2026-08-05,MC,19863.88,20430.0006,3.900,8.180,796.7700,1671.1740,,fc bc single vayment
4944,1484,2411,38,TG12T4949,Balaji Dairy,2026-08-05,BC,12630.04,12989.9961,4.060,8.140,527.3938,1057.3857,,
4945,1484,2411,38,TG12T4949,Balaji Dairy,2026-08-05,FC,14477.39,14889.9956,3.990,8.260,594.1108,1229.9136,,
4946,1484,2411,38,TG12T4949,Balaji Dairy,2026-08-05,MC,,,,,,,,
4112,1448,2412,39,AP39WE8054,Balaji Dairy,2026-08-05,BC,3859.99,3969.9997,4.400,8.340,174.6800,331.0980,,
4110,1448,2412,39,AP39WE8054,Balaji Dairy,2026-08-05,FC,10520.18,10820.0051,3.870,8.260,418.7342,893.7324,,
4111,1448,2412,39,AP39WE8054,Balaji Dairy,2026-08-05,MC,,,,,,,,
4259,1483,2413,40,TN24BC6019,S K A Dairy,2026-08-05,BC,11570.25,11900.0021,3.800,8.160,452.2001,971.0402,,
4257,1483,2413,40,TN24BC6019,S K A Dairy,2026-08-05,FC,9776.37,10054.9965,3.900,8.180,392.1449,822.4987,,
4258,1483,2413,40,TN24BC6019,S K A Dairy,2026-08-05,MC,,,,,,,,
4244,1481,2414,41,TA10UB8643,ARVAIS Dairy(HYD),2026-08-05,BC,,,,,,,,
4242,1481,2414,41,TA10UB8643,ARVAIS Dairy(HYD),2026-08-05,FC,2197.37,2259.9950,4.600,8.330,103.9598,188.2576,,
4243,1481,2414,41,TA10UB8643,ARVAIS Dairy(HYD),2026-08-05,MC,,,,,,,,
4175,1482,2415,42,SALE TANKER,Milma Plant,2026-08-05,BC,,,,,,,,
4173,1482,2415,42,SALE TANKER,Milma Plant,2026-08-05,FC,14914.92,15339.9952,4.100,8.469,628.9398,1299.1442,,
4174,1482,2415,42,SALE TANKER,Milma Plant,2026-08-05,MC,,,,,,,,
4181,1495,2460,43,SALE TANKER,Milma Plant,2026-08-05,BC,,,,,,,,
4179,1495,2460,43,SALE TANKER,Milma Plant,2026-08-05,FC,14963.54,15390.0009,4.000,8.450,615.6000,1300.4551,,
4180,1495,2460,43,SALE TANKER,Milma Plant,2026-08-05,MC,,,,,,,,
4187,1486,2417,44,SALE TANKER,Milma Plant,2026-08-05,BC,,,,,,,,
4185,1486,2417,44,SALE TANKER,Milma Plant,2026-08-05,FC,15313.56,15749.9965,3.900,8.180,614.2499,1288.3497,,
4186,1486,2417,44,SALE TANKER,Milma Plant,2026-08-05,MC,,,,,,,,
4193,1480,2418,45,SALE TANKER,Milma Plant,2026-08-05,BC,,,,,,,,
4191,1480,2418,45,SALE TANKER,Milma Plant,2026-08-05,FC,14720.47,15140.0034,4.000,8.450,605.6001,1279.3303,,
4192,1480,2418,45,SALE TANKER,Milma Plant,2026-08-05,MC,,,,,,,,
4301,1501,2419,1,TN76AL9919,Balaji Dairy,2026-08-06,BC,10286.83,10580.0000,4.000,8.140,423.2000,861.2120,,
4299,1501,2419,1,TN76AL9919,Balaji Dairy,2026-08-06,FC,8663.10,8910.0000,3.980,8.140,354.6180,725.2740,,
4300,1501,2419,1,TN76AL9919,Balaji Dairy,2026-08-06,MC,,,,,,,,
4394,1502,2420,2,AP39UN4344,Bathalapalli ,2026-08-06,BC,5396.21,5550.0010,4.100,8.100,227.5500,449.5501,,
4392,1502,2420,2,AP39UN4344,Bathalapalli ,2026-08-06,FC,1759.84,1810.0000,6.600,8.750,119.4600,158.3750,,
4393,1502,2420,2,AP39UN4344,Bathalapalli ,2026-08-06,MC,,,,,,,,
4268,1503,2421,3,TN24BD4749,Balaji Dairy,2026-08-05,BC,12328.63,12679.9960,3.920,8.140,497.0558,1032.1517,,
4266,1503,2421,3,TN24BD4749,Balaji Dairy,2026-08-05,FC,10841.03,11149.9994,4.090,8.110,456.0350,904.2649,,
4267,1503,2421,3,TN24BD4749,Balaji Dairy,2026-08-05,MC,,,,,,,,
4329,1504,2422,4,AP39TK3377,Balaji Dairy,2026-08-06,BC,10578.51,10879.9975,3.840,8.100,417.7919,881.2798,,
4330,1504,2422,4,AP39TK3377,Balaji Dairy,2026-08-06,FC,8575.60,8820.0046,3.960,8.150,349.2722,718.8304,,
4331,1504,2422,4,AP39TK3377,Balaji Dairy,2026-08-06,MC,,,,,,,,
4370,1505,2423,5,AP31TF6368,Balaji Dairy,2026-08-06,BC,7156.05,7360.0000,3.980,8.120,292.9280,597.6320,,
4368,1505,2423,5,AP31TF6368,Balaji Dairy,2026-08-06,FC,7097.72,7300.0000,3.920,8.080,286.1600,589.8400,,
4369,1505,2423,5,AP31TF6368,Balaji Dairy,2026-08-06,MC,6378.22,6560.0000,3.810,8.080,249.9360,530.0480,,
4334,1506,2424,6,AP39WE8054,Balaji Dairy,2026-08-06,BC,6047.64,6220.0000,3.790,8.080,235.7380,502.5760,,
4332,1506,2424,6,AP39WE8054,Balaji Dairy,2026-08-06,FC,10597.96,10900.0000,4.130,8.110,450.1700,883.9900,,
4333,1506,2424,6,AP39WE8054,Balaji Dairy,2026-08-06,MC,,,,,,,,
4361,1507,2425,7,TN28BF6792,Balaji Dairy,2026-08-06,BC,10209.04,10500.0000,3.810,8.090,400.0500,849.4500,,
4359,1507,2425,7,TN28BF6792,Balaji Dairy,2026-08-06,FC,8799.22,9050.0000,3.780,8.010,342.0900,724.9050,,
4360,1507,2425,7,TN28BF6792,Balaji Dairy,2026-08-06,MC,,,,,,,,
4476,1508,2426,8,AP39WB9499,Balaji Dairy,2026-08-05,BC,11745.26,12079.9999,4.080,8.250,492.8640,996.6000,,
4477,1508,2426,8,AP39WB9499,Balaji Dairy,2026-08-05,FC,11463.30,11790.0041,3.970,8.370,468.0632,986.8233,,
4478,1508,2426,8,AP39WB9499,Balaji Dairy,2026-08-05,MC,,,,,,,,
4424,1510,2427,9,TN28BA2919,Balaji Dairy,2026-08-06,BC,,,,,,,,
4422,1510,2427,9,TN28BA2919,Balaji Dairy,2026-08-06,FC,18983.96,19525.0000,3.900,8.300,761.4750,1620.5750,,
4423,1510,2427,9,TN28BA2919,Balaji Dairy,2026-08-06,MC,,,,,,,,
4304,1511,2428,10,AP03TE5888,Balaji Dairy,2026-08-06,BC,8118.62,8350.0000,4.060,8.220,339.0100,686.3700,,
4302,1511,2428,10,AP03TE5888,Balaji Dairy,2026-08-06,FC,13174.53,13550.0000,4.060,8.270,550.1300,1120.5850,,
4303,1511,2428,10,AP03TE5888,Balaji Dairy,2026-08-06,MC,,,,,,,,
4343,1509,2429,11,AP39WE4161,Balaji Dairy,2026-08-06,BC,11628.59,11960.0000,4.060,8.200,485.5760,980.7200,,
4341,1509,2429,11,AP39WE4161,Balaji Dairy,2026-08-06,FC,8857.56,9110.0000,4.180,8.320,380.7980,757.9520,,
4342,1509,2429,11,AP39WE4161,Balaji Dairy,2026-08-06,MC,,,,,,,,
4367,1512,2430,12,AP07TN0549,Balaji Dairy,2026-08-06,BC,9975.69,10260.0000,4.080,8.250,418.6080,846.4500,,
4365,1512,2430,12,AP07TN0549,Balaji Dairy,2026-08-06,FC,9577.05,9850.0000,4.070,8.210,400.8950,808.6850,,
4366,1512,2430,12,AP07TN0549,Balaji Dairy,2026-08-06,MC,,,,,,,,
4355,1513,2431,13,TN25BB1990,Balaji Dairy,2026-08-06,BC,5085.08,5230.0000,4.260,8.160,222.7980,426.7680,,
4353,1513,2431,13,TN25BB1990,Balaji Dairy,2026-08-06,FC,5094.80,5240.0000,5.420,8.490,284.0080,444.8760,,
4354,1513,2431,13,TN25BB1990,Balaji Dairy,2026-08-06,MC,3743.32,3850.0000,5.790,8.690,222.9150,334.5650,,
4265,1514,2432,14,TN34AC5878,Balaji Dairy,2026-08-05,BC,3198.83,3289.9967,7.750,9.270,254.9747,304.9827,,
4263,1514,2432,14,TN34AC5878,Balaji Dairy,2026-08-05,FC,3315.51,3410.0020,4.110,8.300,140.1511,283.0302,,
4264,1514,2432,14,TN34AC5878,Balaji Dairy,2026-08-05,MC,,,,,,,,
4352,1515,2434,15,AP26TF4985,Balaji Dairy,2026-08-06,BC,11657.75,11990.0000,3.870,8.140,464.0130,975.9860,,
4350,1515,2434,15,AP26TF4985,Balaji Dairy,2026-08-06,FC,8915.90,9170.0000,3.910,8.170,358.5470,749.1890,,
4351,1515,2434,15,AP26TF4985,Balaji Dairy,2026-08-06,MC,,,,,,,,
4406,1516,2433,16,AP03TA8424,S K A Dairy,2026-08-06,BC,7569.28,7785.0000,3.800,8.160,295.8300,635.2560,,
4404,1516,2433,16,AP03TA8424,S K A Dairy,2026-08-06,FC,7647.06,7865.0000,3.900,8.180,306.7350,643.3570,,
4405,1516,2433,16,AP03TA8424,S K A Dairy,2026-08-06,MC,7656.78,7875.0010,3.800,8.160,299.2500,642.6001,,
4415,1517,2435,17,AP03TC7799,S K A Dairy,2026-08-06,BC,9834.71,10115.0010,4.100,8.350,414.7150,844.6026,,
4413,1517,2435,17,AP03TC7799,S K A Dairy,2026-08-06,FC,7632.47,7850.0000,4.000,8.330,314.0000,653.9050,,
4414,1517,2435,17,AP03TC7799,S K A Dairy,2026-08-06,MC,,,,,,,,
4421,1518,2436,18,TN24AR2944,S K A Dairy,2026-08-06,BC,9669.42,9945.0030,4.100,8.350,407.7451,830.4078,,
4419,1518,2436,18,TN24AR2944,S K A Dairy,2026-08-06,FC,10043.75,10330.0000,4.100,8.350,423.5300,862.5550,,
4420,1518,2436,18,TN24AR2944,S K A Dairy,2026-08-06,MC,,,,,,,,
4403,1519,2437,19,TN863039,S K A Dairy,2026-08-06,BC,7190.08,7395.0000,4.100,8.350,303.1950,617.4825,,
4401,1519,2437,19,TN863039,S K A Dairy,2026-08-06,FC,6120.56,6295.0000,4.000,8.330,251.8000,524.3735,,
4402,1519,2437,19,TN863039,S K A Dairy,2026-08-06,MC,7165.78,7370.0000,4.100,8.350,302.1700,615.3950,,
4436,1520,2438,20,TN28BB2353,S K A Dairy,2026-08-06,BC,,,,,,,,
4434,1520,2438,20,TN28BB2353,S K A Dairy,2026-08-06,FC,18060.28,18575.0000,4.000,8.330,743.0000,1547.2975,5,FCBC SINGAL WIGHT
4435,1520,2438,20,TN28BB2353,S K A Dairy,2026-08-06,MC,,,,,,,,
4445,1521,2439,21,TN52P3684,S K A Dairy,2026-08-06,BC,9922.22,10205.0000,4.000,8.330,408.2000,850.0765,5,
4443,1521,2439,21,TN52P3684,S K A Dairy,2026-08-06,FC,9256.20,9520.0000,4.000,8.080,380.8000,769.2160,5,
4444,1521,2439,21,TN52P3684,S K A Dairy,2026-08-06,MC,,,,,,,,
4430,1522,2440,22,TN86A9787,Balaji Dairy,2026-08-06,BC,9615.95,9890.0000,4.100,8.610,405.4900,851.5290,,
4428,1522,2440,22,TN86A9787,Balaji Dairy,2026-08-06,FC,10675.74,10980.0000,4.230,8.610,464.4540,945.3780,,
4429,1522,2440,22,TN86A9787,Balaji Dairy,2026-08-06,MC,,,,,,,,
4376,1524,2441,23,AP03TE9069,Balaji Dairy,2026-08-06,BC,3062.71,3150.0000,4.200,8.630,132.3000,271.8450,,
4374,1524,2441,23,AP03TE9069,Balaji Dairy,2026-08-06,FC,2984.93,3070.0000,4.320,8.730,132.6240,268.0110,,
4375,1524,2441,23,AP03TE9069,Balaji Dairy,2026-08-06,MC,2654.35,2730.0000,5.220,8.640,142.5060,235.8720,,
4442,1523,2442,24,AP03TE9599,Bathalapalli ,2026-08-06,BC,3101.60,3190.0000,4.000,8.200,127.6000,261.5800,,
4440,1523,2442,24,AP03TE9599,Bathalapalli ,2026-08-06,FC,3179.39,3270.0000,4.000,8.200,130.8000,268.1400,,
4441,1523,2442,24,AP03TE9599,Bathalapalli ,2026-08-06,MC,1720.95,1770.0000,3.900,8.180,69.0300,144.7860,,
4439,1531,2443,25,TN13H2455,Bathalapalli ,2026-08-06,BC,10034.03,10320.0020,4.300,8.260,443.7601,852.4322,,
4437,1531,2443,25,TN13H2455,Bathalapalli ,2026-08-06,FC,9013.13,9270.0000,4.100,8.100,380.0700,750.8700,,
4438,1531,2443,25,TN13H2455,Bathalapalli ,2026-08-06,MC,,,,,,,,
4433,1532,2444,26,AP26TF3569,Balaji Dairy,2026-08-06,BC,14701.02,15120.0020,4.340,8.290,656.2081,1253.4482,,
4431,1532,2444,26,AP26TF3569,Balaji Dairy,2026-08-06,FC,14944.09,15370.0000,4.320,8.280,663.9840,1272.6360,,
4432,1532,2444,26,AP26TF3569,Balaji Dairy,2026-08-06,MC,,,,,,,,
4448,1494,2445,27,TN34AH5181,ARVAIS Dairy(HYD),2026-08-06,BC,,,,,,,,
4446,1494,2445,27,TN34AH5181,ARVAIS Dairy(HYD),2026-08-06,FC,18648.52,19180.0000,4.400,8.410,843.9200,1613.0380,,
4447,1494,2445,27,TN34AH5181,ARVAIS Dairy(HYD),2026-08-06,MC,,,,,,,,
4337,1529,2446,28,AP39UX5014,Balaji Dairy,2026-08-06,BC,14175.98,14580.0000,4.080,8.249,594.8640,1202.7042,,
4335,1529,2446,28,AP39UX5014,Balaji Dairy,2026-08-06,FC,12143.90,12490.0000,4.170,8.140,520.8330,1016.6860,,
4336,1529,2446,28,AP39UX5014,Balaji Dairy,2026-08-06,MC,,,,,,,,
4418,1530,2447,29,AP39TF3392,S K A Dairy,2026-08-06,BC,,,,,,,,
4416,1530,2447,29,AP39TF3392,S K A Dairy,2026-08-06,FC,30029.17,30885.0000,3.800,8.160,1173.6300,2520.2160,,
4417,1530,2447,29,AP39TF3392,S K A Dairy,2026-08-06,MC,,,,,,,,
4409,1533,2448,30,AP03TE5699,S K A Dairy,2026-08-06,BC,,,,,,,,
4407,1533,2448,30,AP03TE5699,S K A Dairy,2026-08-06,FC,24190.57,24880.0000,3.800,8.160,945.4400,2030.2080,,
4408,1533,2448,30,AP03TE5699,S K A Dairy,2026-08-06,MC,,,,,,,,
4427,1525,2449,31,TN86B1591,S K A Dairy,2026-08-06,BC,,,,,,,,
4425,1525,2449,31,TN86B1591,S K A Dairy,2026-08-06,FC,19436.07,19990.0000,3.800,8.160,759.6200,1631.1840,,
4426,1525,2449,31,TN86B1591,S K A Dairy,2026-08-06,MC,,,,,,,,
4397,1526,2450,32,AP02TC1483,Bathalapalli ,2026-08-06,BC,5046.18,5190.0000,4.000,8.080,207.6000,419.3520,,
4395,1526,2450,32,AP02TC1483,Bathalapalli ,2026-08-06,FC,1565.39,1610.0000,6.600,8.790,106.2600,141.5190,,
4396,1526,2450,32,AP02TC1483,Bathalapalli ,2026-08-06,MC,4628.10,4760.0010,4.000,8.200,190.4000,390.3201,,
4340,1528,2451,33,AP39TD1229,Balaji Dairy,2026-08-06,BC,15060.77,15490.0000,4.060,8.200,628.8940,1270.1800,,
4338,1528,2451,33,AP39TD1229,Balaji Dairy,2026-08-06,FC,11978.61,12320.0000,4.040,8.180,497.7280,1007.7760,,
4339,1528,2451,33,AP39TD1229,Balaji Dairy,2026-08-06,MC,,,,,,,,
4328,1534,2452,34,TN24AB6599,Balaji Dairy,2026-08-06,BC,8342.25,8580.0000,4.070,8.280,349.2060,710.4240,,
4326,1534,2452,34,TN24AB6599,Balaji Dairy,2026-08-06,FC,6426.84,6610.0000,4.020,8.180,265.7220,540.6980,,
4327,1534,2452,34,TN24AB6599,Balaji Dairy,2026-08-06,MC,,,,,,,,
4289,1540,2453,35,TN28BZ3247,S K A Dairy,2026-08-06,BC,10559.07,10860.0035,3.800,8.030,412.6801,872.0583,,
4287,1540,2453,35,TN28BZ3247,S K A Dairy,2026-08-06,FC,7204.67,7410.0031,3.700,8.010,274.1701,593.5412,,
4288,1540,2453,35,TN28BZ3247,S K A Dairy,2026-08-06,MC,,,,,,,,
4205,1498,2454,36,SALE TANKER,Milma Plant,2026-08-05,BC,,,,,,,,
4203,1498,2454,36,SALE TANKER,Milma Plant,2026-08-05,FC,22557.12,23199.9979,4.000,8.450,927.9999,1960.3998,,
4204,1498,2454,36,SALE TANKER,Milma Plant,2026-08-05,MC,,,,,,,,
4199,1496,2455,37,SALE TANKER,Milma Plant,2026-08-05,BC,,,,,,,,
4197,1496,2455,37,SALE TANKER,Milma Plant,2026-08-05,FC,22109.87,22740.0013,4.000,8.330,909.6001,1894.2421,,
4198,1496,2455,37,SALE TANKER,Milma Plant,2026-08-05,MC,,,,,,,,
4202,1497,2456,38,SALE TANKER,Milma Plant,2026-08-05,BC,,,,,,,,
4200,1497,2456,38,SALE TANKER,Milma Plant,2026-08-05,FC,14963.54,15390.0009,3.900,8.300,600.2100,1277.3701,,
4201,1497,2456,38,SALE TANKER,Milma Plant,2026-08-05,MC,,,,,,,,
4400,1499,2457,39,TA10UB8643,NARMUL,2026-08-06,BC,,,,,,,,
4398,1499,2457,39,TA10UB8643,NARMUL,2026-08-06,FC,2177.93,2240.0000,4.600,8.330,103.0400,186.5920,,
4399,1499,2457,39,TA10UB8643,NARMUL,2026-08-06,MC,,,,,,,,
4385,1500,2458,40,TS07UL3304,ARVAIS Dairy(HYD),2026-08-06,BC,7263.00,7470.0000,4.400,8.410,328.6800,628.2270,4.0,
4383,1500,2458,40,TS07UL3304,ARVAIS Dairy(HYD),2026-08-06,FC,5367.04,5520.0000,4.200,8.370,231.8400,462.0240,4.0,
4384,1500,2458,40,TS07UL3304,ARVAIS Dairy(HYD),2026-08-06,MC,,,,,,,,
4346,1527,2459,41,TN36AU2208,Balaji Dairy,2026-08-06,BC,9995.14,10280.0000,3.800,8.130,390.6400,835.7640,,
4344,1527,2459,41,TN36AU2208,Balaji Dairy,2026-08-06,FC,8750.61,9000.0000,4.040,8.080,363.6000,727.2000,,
4345,1527,2459,41,TN36AU2208,Balaji Dairy,2026-08-06,MC,,,,,,,,
4470,1535,2461,42,AP07TJ2180,Balaji Dairy,2026-08-06,BC,8983.96,9240.0029,3.980,8.190,367.7521,756.7562,,
4471,1535,2461,42,AP07TJ2180,Balaji Dairy,2026-08-06,FC,8828.39,9079.9991,4.110,8.150,373.1880,740.0199,,
4472,1535,2461,42,AP07TJ2180,Balaji Dairy,2026-08-06,MC,,,,,,,,
4298,1536,2462,43,AP07TF2421,Balaji Dairy,2026-08-06,BC,10102.09,10390.0000,3.800,8.240,394.8200,856.1360,,
4296,1536,2462,43,AP07TF2421,Balaji Dairy,2026-08-06,FC,7301.90,7510.0000,4.250,8.170,319.1750,613.5670,,
4297,1536,2462,43,AP07TF2421,Balaji Dairy,2026-08-06,MC,,,,,,,,
4373,1537,2463,44,AP03TE2079,Balaji Dairy,2026-08-06,BC,10325.72,10620.0000,3.730,8.060,396.1260,855.9720,,
4371,1537,2463,44,AP03TE2079,Balaji Dairy,2026-08-06,FC,9450.66,9720.0000,3.870,8.120,376.1640,789.2640,,
4372,1537,2463,44,AP03TE2079,Balaji Dairy,2026-08-06,MC,,,,,,,,
4386,1538,2464,45,AP03TE6599,Balaji Dairy,2026-08-06,BC,6990.76,7189.9967,4.080,8.230,293.3519,591.7367,,
4387,1538,2464,45,AP03TE6599,Balaji Dairy,2026-08-06,FC,6961.59,7159.9953,4.170,8.350,298.5718,597.8596,,
4388,1538,2464,45,AP03TE6599,Balaji Dairy,2026-08-06,MC,6815.75,7009.9989,4.150,8.360,290.9150,586.0359,,
4412,1539,2465,46,TN24BC6019,S K A Dairy,2026-08-06,BC,,,,,,,,
4410,1539,2465,46,TN24BC6019,S K A Dairy,2026-08-06,FC,21434.13,22045.0000,3.900,8.300,859.7550,1829.7350,,
4411,1539,2465,46,TN24BC6019,S K A Dairy,2026-08-06,MC,,,,,,,,
4511,1563,2466,1,TN13H2455,Balaji Dairy,2026-08-07,BC,9965.97,10250.0000,4.180,8.170,428.4500,837.4250,,
4509,1563,2466,1,TN13H2455,Balaji Dairy,2026-08-07,FC,8420.03,8660.0000,4.050,8.090,350.7300,700.5940,,
4510,1563,2466,1,TN13H2455,Balaji Dairy,2026-08-07,MC,,,,,,,,
4490,1553,2467,2,AP02TC1483,Bathalapalli ,2026-08-07,BC,4997.57,5139.9990,4.100,8.220,210.7400,422.5079,,
4488,1553,2467,2,AP02TC1483,Bathalapalli ,2026-08-07,FC,4346.14,4470.0000,4.100,8.100,183.2700,362.0700,,
4489,1553,2467,2,AP02TC1483,Bathalapalli ,2026-08-07,MC,1701.51,1750.0000,6.600,8.870,115.5000,155.2250,,
4523,1567,2468,3,AP03TE5050,Balaji Dairy,2026-08-07,BC,12017.50,12360.0000,3.950,8.220,488.2200,1015.9920,,
4521,1567,2468,3,AP03TE5050,Balaji Dairy,2026-08-07,FC,11132.72,11450.0000,3.980,8.110,455.7100,928.5950,,
4522,1567,2468,3,AP03TE5050,Balaji Dairy,2026-08-07,MC,,,,,,,,
4617,1552,2469,4,AP39UN4344,Bathalapalli ,2026-08-07,BC,8031.11,8259.9966,3.900,8.050,322.1399,664.9297,,
4618,1552,2469,4,AP39UN4344,Bathalapalli ,2026-08-07,FC,3014.10,3100.0018,4.900,8.390,151.9001,260.0902,,
4619,1552,2469,4,AP39UN4344,Bathalapalli ,2026-08-07,MC,,,,,,,,
4502,1560,2470,5,AP03TE5888,Balaji Dairy,2026-08-07,BC,8157.51,8390.0000,3.960,8.160,332.2440,684.6240,,
4500,1560,2470,5,AP03TE5888,Balaji Dairy,2026-08-07,FC,12270.30,12620.0000,4.050,8.160,511.1100,1029.7920,,
4501,1560,2470,5,AP03TE5888,Balaji Dairy,2026-08-07,MC,,,,,,,,
4571,1549,2471,6,AP03TE5699,S K A Dairy,2026-08-07,BC,,,,,,,,
4569,1549,2471,6,AP03TE5699,S K A Dairy,2026-08-07,FC,22946.04,23600.0000,3.800,8.160,896.8000,1925.7600,5,Single weight
4570,1549,2471,6,AP03TE5699,S K A Dairy,2026-08-07,MC,,,,,,,,
4505,1561,2472,7,TN863039,Balaji Dairy,2026-08-07,BC,7097.72,7300.0000,3.830,8.120,279.5900,592.7600,,
4503,1561,2472,7,TN863039,Balaji Dairy,2026-08-07,FC,6057.37,6230.0000,4.050,8.230,252.3150,512.7290,,
4504,1561,2472,7,TN863039,Balaji Dairy,2026-08-07,MC,5629.56,5790.0000,3.930,8.130,227.5470,470.7270,,
4514,1564,2473,8,AP03TJ0033,Balaji Dairy,2026-08-07,BC,12542.54,12900.0000,4.140,8.270,534.0600,1066.8300,,
4512,1564,2473,8,AP03TJ0033,Balaji Dairy,2026-08-07,FC,8633.93,8880.0000,4.000,8.190,355.2000,727.2720,,
4513,1564,2473,8,AP03TJ0033,Balaji Dairy,2026-08-07,MC,,,,,,,,
4517,1565,2474,9,AP16TH5494,Balaji Dairy,2026-08-07,BC,9596.50,9870.0000,4.020,8.200,396.7740,809.3400,,
4515,1565,2474,9,AP16TH5494,Balaji Dairy,2026-08-07,FC,9995.14,10280.0000,4.250,8.350,436.9000,858.3800,,
4516,1565,2474,9,AP16TH5494,Balaji Dairy,2026-08-07,MC,,,,,,,,
4520,1566,2475,10,AP39TB8024,Balaji Dairy,2026-08-07,BC,8750.61,9000.0000,4.160,8.250,374.4000,742.5000,,
4518,1566,2475,10,AP39TB8024,Balaji Dairy,2026-08-07,FC,7000.49,7200.0000,4.000,8.060,288.0000,580.3200,,
4519,1566,2475,10,AP39TB8024,Balaji Dairy,2026-08-07,MC,,,,,,,,
4553,1580,2476,11,TN24AB6599,Balaji Dairy,2026-08-07,BC,7613.03,7830.0000,5.830,8.670,456.4890,678.8610,,
4551,1580,2476,11,TN24AB6599,Balaji Dairy,2026-08-07,FC,6232.38,6410.0000,4.200,8.230,269.2200,527.5430,,
4552,1580,2476,11,TN24AB6599,Balaji Dairy,2026-08-07,MC,,,,,,,,
4532,1570,2477,12,TN34AC5878,Balaji Dairy,2026-08-07,BC,3198.83,3290.0000,7.460,9.050,245.4340,297.7450,,
4530,1570,2477,12,TN34AC5878,Balaji Dairy,2026-08-07,FC,3296.06,3390.0000,4.210,8.350,142.7190,283.0650,,
4531,1570,2477,12,TN34AC5878,Balaji Dairy,2026-08-07,MC,,,,,,,,
4586,1581,2478,13,AP39TK3377,Balaji Dairy,2026-08-07,BC,10559.07,10860.0030,4.350,8.530,472.4101,926.3583,,
4584,1581,2478,13,AP39TK3377,Balaji Dairy,2026-08-07,FC,8993.68,9250.0000,4.230,8.540,391.2750,789.9500,,
4585,1581,2478,13,AP39TK3377,Balaji Dairy,2026-08-07,MC,,,,,,,,
4568,1551,2479,14,AP39WB9499,S K A Dairy,2026-08-07,BC,11672.34,12005.0000,4.000,8.330,480.2000,1000.0165,5,
4566,1551,2479,14,AP39WB9499,S K A Dairy,2026-08-07,FC,8808.95,9060.0000,4.000,8.330,362.4000,754.6980,5,
4567,1551,2479,14,AP39WB9499,S K A Dairy,2026-08-07,MC,,,,,,,,
4466,1547,2480,15,AP03TE9419,S K A Dairy,2026-08-07,BC,8925.62,9180.0000,4.000,8.330,367.2000,764.6940,5,
4464,1547,2480,15,AP03TE9419,S K A Dairy,2026-08-07,FC,7063.68,7265.0000,4.000,8.330,290.6000,605.1745,5,
4465,1547,2480,15,AP03TE9419,S K A Dairy,2026-08-07,MC,4462.81,4590.0000,4.000,8.330,183.6000,382.3470,5,
4574,1586,2481,16,TN28BZ3247,S K A Dairy,2026-08-07,BC,10544.48,10845.0000,4.000,8.330,433.8000,903.3885,5,
4572,1586,2481,16,TN28BZ3247,S K A Dairy,2026-08-07,FC,9965.97,10250.0000,4.100,8.350,420.2500,855.8750,5,
4573,1586,2481,16,TN28BZ3247,S K A Dairy,2026-08-07,MC,,,,,,,,
4598,1587,2482,17,TN52Q9387,S K A Dairy,2026-08-07,BC,,,0.003,,,,,
4596,1587,2482,17,TN52Q9387,S K A Dairy,2026-08-07,FC,21930.00,22555.0010,4.000,8.200,902.2000,1849.5101,,
4597,1587,2482,17,TN52Q9387,S K A Dairy,2026-08-07,MC,,,,,,,,
4463,1546,2483,18,TN28BB2353,S K A Dairy,2026-08-07,BC,10354.89,10650.0000,4.000,8.330,426.0000,887.1450,5,
4461,1546,2483,18,TN28BB2353,S K A Dairy,2026-08-07,FC,4963.54,5105.0000,4.000,8.330,204.2000,425.2465,5,
4462,1546,2483,18,TN28BB2353,S K A Dairy,2026-08-07,MC,,,,,,,,
4460,1548,2484,19,TN30CL2599,S K A Dairy,2026-08-07,BC,13558.58,13945.0000,3.800,8.160,529.9100,1137.9120,5,
4458,1548,2484,19,TN30CL2599,S K A Dairy,2026-08-07,FC,14005.83,14405.0000,3.900,8.180,561.7950,1178.3290,5,
4459,1548,2484,19,TN30CL2599,S K A Dairy,2026-08-07,MC,,,,,,,,
5277,1544,2485,20,RJ32GB7005,S K A Dairy,2026-08-06,BC,,,,,,,,
5278,1544,2485,20,RJ32GB7005,S K A Dairy,2026-08-06,FC,30053.48,30910.0000,3.800,8.280,1174.5800,2559.3480,5,FCBC SINGAL WIGHT
5279,1544,2485,20,RJ32GB7005,S K A Dairy,2026-08-06,MC,,,,,,,,
4457,1545,2486,21,TN28AQ5726,S K A Dairy,2026-08-07,BC,6640.74,6830.0000,3.900,8.300,266.3700,566.8900,5,
4455,1545,2486,21,TN28AQ5726,S K A Dairy,2026-08-07,FC,6033.06,6205.0000,3.900,8.180,241.9950,507.5690,5,
4456,1545,2486,21,TN28AQ5726,S K A Dairy,2026-08-07,MC,6655.32,6845.0000,3.900,8.180,266.9550,559.9210,5,
4544,1576,2487,22,TN30CL2299,Balaji Dairy,2026-08-07,BC,14428.78,14840.0030,4.040,8.220,599.5361,1219.8482,,
4542,1576,2487,22,TN30CL2299,Balaji Dairy,2026-08-07,FC,12241.13,12590.0000,4.080,8.210,513.6720,1033.6390,,
4543,1576,2487,22,TN30CL2299,Balaji Dairy,2026-08-07,MC,,,,,,,,
4541,1572,2488,23,TG12T4949,Balaji Dairy,2026-08-07,BC,11900.83,12240.0000,3.960,8.190,484.7040,1002.4560,,
4539,1572,2488,23,TG12T4949,Balaji Dairy,2026-08-07,FC,14312.11,14720.0000,4.350,8.230,640.3200,1211.4560,,
4540,1572,2488,23,TG12T4949,Balaji Dairy,2026-08-07,MC,,,,,,,,
4493,1558,2489,24,AP03TE5533,Bathalapalli ,2026-08-07,BC,10179.87,10470.0000,4.200,8.240,439.7400,862.7280,,
4491,1558,2489,24,AP03TE5533,Bathalapalli ,2026-08-07,FC,8478.37,8720.0000,4.100,8.220,357.5200,716.7840,,
4492,1558,2489,24,AP03TE5533,Bathalapalli ,2026-08-07,MC,,,,,,,,
4496,1557,2490,25,TN24BD4749,Balaji Dairy,2026-08-07,BC,12348.08,12700.0000,3.770,8.130,478.7900,1032.5100,,
4494,1557,2490,25,TN24BD4749,Balaji Dairy,2026-08-07,FC,11686.92,12020.0000,3.910,8.090,469.9820,972.4180,,
4495,1557,2490,25,TN24BD4749,Balaji Dairy,2026-08-07,MC,,,,,,,,
5280,1578,2491,26,AP39WM0723,Balaji Dairy,2026-08-07,BC,14944.10,15370.0020,4.210,8.290,647.0771,1274.1732,,
5281,1578,2491,26,AP39WM0723,Balaji Dairy,2026-08-07,FC,14370.44,14780.0000,4.510,8.400,666.5780,1241.5200,,
5282,1578,2491,26,AP39WM0723,Balaji Dairy,2026-08-07,MC,,,,,,,,
4529,1569,2492,27,AP03TE9599,Balaji Dairy,2026-08-07,BC,3140.50,3230.0000,3.740,8.200,120.8020,264.8600,,
4527,1569,2492,27,AP03TE9599,Balaji Dairy,2026-08-07,FC,3121.05,3210.0000,3.880,8.210,124.5480,263.5410,,
4528,1569,2492,27,AP03TE9599,Balaji Dairy,2026-08-07,MC,1614.00,1660.0000,3.880,8.220,64.4080,136.4520,,
4589,1584,2493,28,TN28AR1990,Balaji Dairy,2026-08-07,BC,10111.81,10400.0010,4.370,8.250,454.4800,858.0001,,
4587,1584,2493,28,TN28AR1990,Balaji Dairy,2026-08-07,FC,10092.37,10380.0000,3.960,8.160,411.0480,847.0080,,
4588,1584,2493,28,TN28AR1990,Balaji Dairy,2026-08-07,MC,,,,,,,,
4526,1568,2494,29,TN76AL9919,Balaji Dairy,2026-08-07,BC,10218.77,10510.0000,3.850,8.150,404.6350,856.5650,,
4524,1568,2494,29,TN76AL9919,Balaji Dairy,2026-08-07,FC,9003.40,9260.0000,3.890,8.110,360.2140,750.9860,,
4525,1568,2494,29,TN76AL9919,Balaji Dairy,2026-08-07,MC,,,,,,,,
4499,1555,2495,30,AP39WE4161,Balaji Dairy,2026-08-07,BC,11560.53,11890.0000,3.850,8.110,457.7650,964.2790,,
4497,1555,2495,30,AP39WE4161,Balaji Dairy,2026-08-07,FC,8974.23,9230.0000,3.970,8.140,366.4310,751.3220,,
4498,1555,2495,30,AP39WE4161,Balaji Dairy,2026-08-07,MC,,,,,,,,
4592,1582,2496,31,AP07TF2421,Balaji Dairy,2026-08-07,BC,10082.64,10370.0000,3.990,8.160,413.7630,846.1920,,
4590,1582,2496,31,AP07TF2421,Balaji Dairy,2026-08-07,FC,6912.98,7110.0000,3.820,8.080,271.6020,574.4880,,
4591,1582,2496,31,AP07TF2421,Balaji Dairy,2026-08-07,MC,,,,,,,,
4382,1541,2498,33,SALE TANKER,Milma Plant,2026-08-06,BC,,,,,,,,
4380,1541,2498,33,SALE TANKER,Milma Plant,2026-08-06,FC,15362.18,15800.0000,3.900,8.180,616.2000,1292.4400,,
4381,1541,2498,33,SALE TANKER,Milma Plant,2026-08-06,MC,,,,,,,,
4601,1589,2499,34,AP03TA8424,S K A Dairy,2026-08-07,BC,7661.64,7880.0000,3.900,8.300,307.3200,654.0400,,
4599,1589,2499,34,AP03TA8424,S K A Dairy,2026-08-07,FC,7705.40,7925.0000,4.100,8.350,324.9250,661.7375,,
4600,1589,2499,34,AP03TA8424,S K A Dairy,2026-08-07,MC,7413.71,7625.0020,3.900,8.180,297.3751,623.7252,,
4469,1550,2500,35,TN24AR2944,S K A Dairy,2026-08-07,BC,9927.08,10210.0000,3.800,8.030,387.9800,819.8630,5,
4467,1550,2500,35,TN24AR2944,S K A Dairy,2026-08-07,FC,7510.94,7725.0000,3.700,8.010,285.8250,618.7725,5,
4468,1550,2500,35,TN24AR2944,S K A Dairy,2026-08-07,MC,,,,,,,,
4580,1543,2501,36,AP03TE6660,ARVAIS Dairy(HYD),2026-08-07,BC,,,,,,,,
4578,1543,2501,36,AP03TE6660,ARVAIS Dairy(HYD),2026-08-07,FC,2197.37,2260.0000,4.500,8.310,101.7000,187.8060,,
4579,1543,2501,36,AP03TE6660,ARVAIS Dairy(HYD),2026-08-07,MC,,,,,,,,
4577,1542,2502,37,TS07UL3304,NARMUL,2026-08-07,BC,5950.42,6120.0020,4.200,8.370,257.0401,512.2442,,
4575,1542,2502,37,TS07UL3304,NARMUL,2026-08-07,FC,7204.67,7410.0000,4.200,8.370,311.2200,620.2170,,
4576,1542,2502,37,TS07UL3304,NARMUL,2026-08-07,MC,,,,,,,,
4538,1573,2503,38,SALE TANKER,Milma Plant,2026-08-07,BC,,,,,,,,
4536,1573,2503,38,SALE TANKER,Milma Plant,2026-08-07,FC,14817.70,15240.0000,4.000,8.330,609.6000,1269.4920,,
4537,1573,2503,38,SALE TANKER,Milma Plant,2026-08-07,MC,,,,,,,,
4547,1577,2504,39,AP26TF4985,Balaji Dairy,2026-08-07,BC,11667.48,12000.0000,3.820,8.050,458.4000,966.0000,,
4545,1577,2504,39,AP26TF4985,Balaji Dairy,2026-08-07,FC,9771.51,10050.0000,4.080,7.930,410.0400,796.9650,,
4546,1577,2504,39,AP26TF4985,Balaji Dairy,2026-08-07,MC,,,,,,,,
4647,1575,2505,40,AP03TE2079,Balaji Dairy,2026-08-07,BC,10374.33,10669.9984,3.840,8.190,409.7279,873.8729,,
4648,1575,2505,40,AP03TE2079,Balaji Dairy,2026-08-07,FC,9411.76,9679.9952,3.840,8.090,371.7118,783.1116,,
4649,1575,2505,40,AP03TE2079,Balaji Dairy,2026-08-07,MC,,,,,,,,
4559,1559,2506,41,TN36AU2208,Balaji Dairy,2026-08-07,BC,9985.42,10270.0030,4.330,8.310,444.6911,853.4372,,
4557,1559,2506,41,TN36AU2208,Balaji Dairy,2026-08-07,FC,8245.02,8480.0000,4.170,8.300,353.6160,703.8400,,
4558,1559,2506,41,TN36AU2208,Balaji Dairy,2026-08-07,MC,,,,,,,,
4550,1579,2507,42,AP07TN0549,Balaji Dairy,2026-08-07,BC,9985.42,10270.0000,4.050,8.360,415.9350,858.5720,,
4548,1579,2507,42,AP07TN0549,Balaji Dairy,2026-08-07,FC,9528.44,9800.0000,3.920,8.250,384.1600,808.5000,,
4549,1579,2507,42,AP07TN0549,Balaji Dairy,2026-08-07,MC,,,,,,,,
4614,1554,2508,43,AP03TE6599,Balaji Dairy,2026-08-07,BC,7000.49,7200.0040,3.800,8.220,273.6002,591.8403,5.3,
4615,1554,2508,43,AP03TE6599,Balaji Dairy,2026-08-07,FC,6893.53,7089.9956,3.840,8.190,272.2558,580.6706,5.4,
4616,1554,2508,43,AP03TE6599,Balaji Dairy,2026-08-07,MC,7029.65,7229.9950,4.200,8.298,303.6598,599.9450,5.1,
4583,1588,2509,44,AP31TF6368,Balaji Dairy,2026-08-07,BC,7156.05,7360.0010,3.990,8.240,293.6640,606.4641,,
4581,1588,2509,44,AP31TF6368,Balaji Dairy,2026-08-07,FC,4472.53,4600.0000,4.020,8.280,184.9200,380.8800,,
4582,1588,2509,44,AP31TF6368,Balaji Dairy,2026-08-07,MC,7622.75,7840.0020,4.030,8.250,315.9521,646.8002,,
4508,1562,2510,45,TN25BB1990,Balaji Dairy,2026-08-07,BC,5075.35,5220.0000,3.950,8.240,206.1900,430.1280,,
4506,1562,2510,45,TN25BB1990,Balaji Dairy,2026-08-07,FC,5075.35,5220.0000,4.100,8.270,214.0200,431.6940,,
4507,1562,2510,45,TN25BB1990,Balaji Dairy,2026-08-07,MC,4812.83,4950.0000,4.160,8.250,205.9200,408.3750,,
4595,1590,2511,46,TN28BA2919,S K A Dairy,2026-08-07,BC,10243.07,10535.0000,4.000,8.450,421.4000,890.2075,,
4593,1590,2511,46,TN28BA2919,S K A Dairy,2026-08-07,FC,7068.55,7270.0000,4.100,8.350,298.0700,607.0450,,
4594,1590,2511,46,TN28BA2919,S K A Dairy,2026-08-07,MC,,,,,,,,
4667,1591,2513,47,AP07TJ2180,Balaji Dairy,2026-08-08,BC,6300.44,6480.0000,4.460,8.600,289.0080,557.2800,,
4535,1571,2512,47,AP03TE9069,Balaji Dairy,2026-08-07,BC,3052.99,3140.0000,4.000,8.250,125.6000,259.0500,,
4533,1571,2512,47,AP03TE9069,Balaji Dairy,2026-08-07,FC,2848.81,2930.0000,4.070,8.200,119.2510,240.2600,,
4665,1591,2513,47,AP07TJ2180,Balaji Dairy,2026-08-08,FC,6008.75,6180.0000,4.470,8.680,276.2460,536.4240,,
4534,1571,2512,47,AP03TE9069,Balaji Dairy,2026-08-07,MC,3014.10,3099.9980,4.030,8.280,124.9299,256.6798,,
4666,1591,2513,47,AP07TJ2180,Balaji Dairy,2026-08-08,MC,,,,,,,,
4700,1596,2514,1,AP03TE5533,Balaji Dairy,2026-08-08,BC,10238.21,10530.0000,4.020,8.150,423.3060,858.1950,,
4698,1596,2514,1,AP03TE5533,Balaji Dairy,2026-08-08,FC,8478.37,8720.0000,4.110,8.180,358.3920,713.2960,,
4699,1596,2514,1,AP03TE5533,Balaji Dairy,2026-08-08,MC,,,,,,,,
4688,1597,2515,2,AP39UN4344,Bathalapalli ,2026-08-08,BC,8108.90,8340.0000,4.100,8.220,341.9400,685.5480,,
4686,1597,2515,2,AP39UN4344,Bathalapalli ,2026-08-08,FC,3043.27,3130.0000,5.600,8.540,175.2800,267.3020,,
4687,1597,2515,2,AP39UN4344,Bathalapalli ,2026-08-08,MC,,,,,,,,
4634,1598,2516,3,AP03TF2538,Balaji Dairy,2026-08-08,BC,8721.44,8970.0000,3.940,8.180,353.4180,733.7460,,
4632,1598,2516,3,AP03TF2538,Balaji Dairy,2026-08-08,FC,7214.39,7420.0000,3.900,8.180,289.3800,606.9560,,
4633,1598,2516,3,AP03TF2538,Balaji Dairy,2026-08-08,MC,4132.23,4250.0000,3.860,8.200,164.0500,348.5000,,
4685,1599,2517,4,AP02TC1483,Bathalapalli ,2026-08-08,BC,4968.40,5110.0000,3.900,8.050,199.2900,411.3550,,
4683,1599,2517,4,AP02TC1483,Bathalapalli ,2026-08-08,FC,2119.59,2180.0000,5.600,8.540,122.0800,186.1720,,
4684,1599,2517,4,AP02TC1483,Bathalapalli ,2026-08-08,MC,4054.45,4170.0000,3.900,8.180,162.6300,341.1060,,
4682,1600,2518,5,AP03TJ0033,Balaji Dairy,2026-08-08,BC,11706.37,12040.0000,4.050,8.090,487.6200,974.0360,,
4680,1600,2518,5,AP03TJ0033,Balaji Dairy,2026-08-08,FC,8974.23,9230.0000,3.860,8.170,356.2780,754.0910,,
4681,1600,2518,5,AP03TJ0033,Balaji Dairy,2026-08-08,MC,,,,,,,,
4706,1601,2519,6,AP03TJ0088,Balaji Dairy,2026-08-08,BC,8789.50,9040.0000,3.930,8.160,355.2720,737.6640,,
4704,1601,2519,6,AP03TJ0088,Balaji Dairy,2026-08-08,FC,5872.63,6040.0000,4.040,8.190,244.0160,494.6760,,
4705,1601,2519,6,AP03TJ0088,Balaji Dairy,2026-08-08,MC,7729.70,7950.0000,3.890,8.160,309.2550,648.7200,,
4637,1602,2520,7,AP39TB8024,Balaji Dairy,2026-08-08,BC,9032.57,9290.0000,3.870,8.200,359.5230,761.7800,,
4635,1602,2520,7,AP39TB8024,Balaji Dairy,2026-08-08,FC,8235.29,8470.0000,3.830,8.130,324.4010,688.6110,,
4636,1602,2520,7,AP39TB8024,Balaji Dairy,2026-08-08,MC,,,,,,,,
4638,1603,2521,8,AP03TE9599,Balaji Dairy,2026-08-08,BC,3121.05,3209.9999,4.070,8.230,130.6470,264.1830,,
4639,1603,2521,8,AP03TE9599,Balaji Dairy,2026-08-08,FC,2450.17,2519.9998,4.040,8.170,101.8080,205.8840,,
4640,1603,2521,8,AP03TE9599,Balaji Dairy,2026-08-08,MC,3140.50,3230.0043,3.970,8.220,128.2312,265.5063,,
4752,1605,2522,9,TN28BF6792,Balaji Dairy,2026-08-08,BC,10189.60,10480.0036,3.950,8.380,413.9601,878.2243,,
4753,1605,2522,9,TN28BF6792,Balaji Dairy,2026-08-08,FC,9693.73,9970.0013,3.940,8.230,392.8181,820.5311,,
4754,1605,2522,9,TN28BF6792,Balaji Dairy,2026-08-08,MC,,,,,,,,
4679,1606,2553,10,SALE TANKER,Milma Plant,2026-08-08,BC,,,,,,,,
4622,1608,2523,10,AP16TH5494,Balaji Dairy,2026-08-08,BC,9985.42,10270.0000,4.140,8.280,425.1780,850.3560,,
4677,1606,2553,10,SALE TANKER,Milma Plant,2026-08-08,FC,14963.54,15390.0000,3.900,8.300,600.2100,1277.3700,,
4620,1608,2523,10,AP16TH5494,Balaji Dairy,2026-08-08,FC,9586.78,9860.0000,4.160,8.240,410.1760,812.4640,,
4678,1606,2553,10,SALE TANKER,Milma Plant,2026-08-08,MC,,,,,,,,
4621,1608,2523,10,AP16TH5494,Balaji Dairy,2026-08-08,MC,,,,,,,,
4757,1604,2524,11,TN34AC5878,Bathalapalli ,2026-08-09,BC,3228.00,3320.0000,4.100,8.220,136.1200,272.9040,,
4755,1604,2524,11,TN34AC5878,Bathalapalli ,2026-08-09,FC,3189.11,3280.0000,7.400,8.660,242.7200,284.0480,,
4756,1604,2524,11,TN34AC5878,Bathalapalli ,2026-08-09,MC,,,,,,,,
4697,1607,2525,12,TN28BB2353,Balaji Dairy,2026-08-08,BC,10413.22,10710.0000,4.100,8.140,439.1100,871.7940,,
4695,1607,2525,12,TN28BB2353,Balaji Dairy,2026-08-08,FC,9411.76,9680.0000,4.060,8.120,393.0080,786.0160,,
4696,1607,2525,12,TN28BB2353,Balaji Dairy,2026-08-08,MC,,,,,,,,
4718,1609,2526,13,TN28AQ5726,Balaji Dairy,2026-08-08,BC,6708.80,6900.0000,3.930,8.250,271.1700,569.2500,,
4716,1609,2526,13,TN28AQ5726,Balaji Dairy,2026-08-08,FC,6669.91,6860.0000,3.860,8.130,264.7960,557.7180,,
4717,1609,2526,13,TN28AQ5726,Balaji Dairy,2026-08-08,MC,6699.08,6890.0000,3.830,8.090,263.8870,557.4010,,
4715,1610,2527,14,TN86A9787,Balaji Dairy,2026-08-08,BC,10004.86,10290.0000,4.080,8.670,419.8320,892.1430,,
4713,1610,2527,14,TN86A9787,Balaji Dairy,2026-08-08,FC,10996.60,11310.0000,4.190,8.520,473.8890,963.6120,,
4714,1610,2527,14,TN86A9787,Balaji Dairy,2026-08-08,MC,,,,,,,,
4751,1611,2528,15,AP39UE0787,S K A Dairy,2026-08-08,BC,,,,,,,,
4749,1611,2528,15,AP39UE0787,S K A Dairy,2026-08-08,FC,19105.49,19650.0000,4.000,8.330,786.0000,1636.8450,,
4750,1611,2528,15,AP39UE0787,S K A Dairy,2026-08-08,MC,,,,,,,,
4613,1612,2529,16,TN52P3684,S K A Dairy,2026-08-08,BC,,,,,,,,
4611,1612,2529,16,TN52P3684,S K A Dairy,2026-08-08,FC,19931.94,20500.0000,4.000,8.330,820.0000,1707.6500,5,FC &BC single weight
4612,1612,2529,16,TN52P3684,S K A Dairy,2026-08-08,MC,,,,,,,,
4604,1593,2530,17,TN24BC6019,S K A Dairy,2026-08-07,BC,11599.42,11930.0000,4.100,8.350,489.1300,996.1550,5,
4602,1593,2530,17,TN24BC6019,S K A Dairy,2026-08-07,FC,11628.59,11960.0000,4.100,8.350,490.3600,998.6600,4,
4603,1593,2530,17,TN24BC6019,S K A Dairy,2026-08-07,MC,,,,,,,,
4607,1592,2531,18,TN86B1591,S K A Dairy,2026-08-07,BC,,,,,,,,
4605,1592,2531,18,TN86B1591,S K A Dairy,2026-08-07,FC,20841.03,21435.0000,4.000,8.330,857.4000,1785.5355,5,Single weight
4606,1592,2531,18,TN86B1591,S K A Dairy,2026-08-07,MC,,,,,,,,
4748,1594,2532,19,AP03TC7799,S K A Dairy,2026-08-08,BC,9883.33,10165.0000,4.000,8.330,406.6000,846.7445,,
4746,1594,2532,19,AP03TC7799,S K A Dairy,2026-08-08,FC,6942.15,7140.0000,3.900,8.300,278.4600,592.6200,,
4747,1594,2532,19,AP03TC7799,S K A Dairy,2026-08-08,MC,,,,,,,,
4565,1595,2533,20,TN24AR2944,S K A Dairy,2026-08-07,BC,9961.11,10245.0000,3.800,8.030,389.3100,822.6735,,
4563,1595,2533,20,TN24AR2944,S K A Dairy,2026-08-07,FC,7515.80,7730.0000,3.700,8.010,286.0100,619.1730,4,
4564,1595,2533,20,TN24AR2944,S K A Dairy,2026-08-07,MC,,,,,,,,
4631,1613,2535,22,AP39TD1229,Balaji Dairy,2026-08-08,BC,15051.05,15480.0000,4.110,8.070,636.2280,1249.2360,,
4629,1613,2535,22,AP39TD1229,Balaji Dairy,2026-08-08,FC,14671.85,15090.0000,4.080,8.140,615.6720,1228.3260,,
4630,1613,2535,22,AP39TD1229,Balaji Dairy,2026-08-08,MC,,,,,,,,
4712,1614,2536,23,TN30CL2599,Balaji Dairy,2026-08-08,BC,14098.20,14500.0000,3.920,8.180,568.4000,1186.1000,,
4710,1614,2536,23,TN30CL2599,Balaji Dairy,2026-08-08,FC,13942.63,14340.0000,3.900,8.200,559.2600,1175.8800,,
4711,1614,2536,23,TN30CL2599,Balaji Dairy,2026-08-08,MC,,,,,,,,
4736,1625,2537,24,RJ32GB7005,S K A Dairy,2026-08-08,BC,14973.26,15400.0000,4.000,8.200,616.0000,1262.8000,,
4734,1625,2537,24,RJ32GB7005,S K A Dairy,2026-08-08,FC,12809.92,13175.0000,3.900,8.180,513.8250,1077.7150,,
4735,1625,2537,24,RJ32GB7005,S K A Dairy,2026-08-08,MC,,,,,,,,
4664,1623,2538,25,AP26TF3569,Balaji Dairy,2026-08-08,BC,14973.26,15400.0000,4.040,8.240,622.1600,1268.9600,,
4662,1623,2538,25,AP26TF3569,Balaji Dairy,2026-08-08,FC,14710.74,15130.0000,4.100,8.200,620.3300,1240.6600,,
4663,1623,2538,25,AP26TF3569,Balaji Dairy,2026-08-08,MC,,,,,,,,
4487,1556,2539,26,TN24BD4749,Balaji Dairy,2026-08-07,BC,12348.08,12700.0000,3.770,8.130,478.7900,1032.5100,5.4,
4485,1556,2539,26,TN24BD4749,Balaji Dairy,2026-08-07,FC,11686.92,12020.0000,3.910,8.090,469.9820,972.4180,5.3,
4486,1556,2539,26,TN24BD4749,Balaji Dairy,2026-08-07,MC,,,,,,,,
4655,1615,2540,27,AP39UX5014,Balaji Dairy,2026-08-08,BC,14049.59,14450.0000,4.320,8.180,624.2400,1182.0100,,
4653,1615,2540,27,AP39UX5014,Balaji Dairy,2026-08-08,FC,12348.08,12700.0000,4.230,8.230,537.2100,1045.2100,,
4654,1615,2540,27,AP39UX5014,Balaji Dairy,2026-08-08,MC,,,,,,,,
4745,1624,2541,28,TN76AL9919,ARVAIS Dairy(HYD),2026-08-08,BC,8945.07,9200.0000,4.200,8.370,386.4000,770.0400,,
4743,1624,2541,28,TN76AL9919,ARVAIS Dairy(HYD),2026-08-08,FC,9654.84,9930.0000,4.300,8.390,426.9900,833.1270,,
4744,1624,2541,28,TN76AL9919,ARVAIS Dairy(HYD),2026-08-08,MC,,,,,,,,
4721,1616,2542,29,AP39TF3392,Balaji Dairy,2026-08-08,BC,14973.26,15400.0000,4.450,8.270,685.3000,1273.5800,,
4719,1616,2542,29,AP39TF3392,Balaji Dairy,2026-08-08,FC,14496.84,14910.0000,4.210,8.290,627.7110,1236.0390,,
4720,1616,2542,29,AP39TF3392,Balaji Dairy,2026-08-08,MC,,,,,,,,
4760,1626,2543,30,AP39WH0612,Bathalapalli ,2026-08-09,BC,7292.17,7500.0000,4.200,8.240,315.0000,618.0000,,
4758,1626,2543,30,AP39WH0612,Bathalapalli ,2026-08-09,FC,8818.67,9070.0000,4.000,8.200,362.8000,743.7400,,
4759,1626,2543,30,AP39WH0612,Bathalapalli ,2026-08-09,MC,7087.99,7290.0000,4.100,8.220,298.8900,599.2380,,
4733,1585,2544,31,AP03TE6660,NARMUL,2026-08-08,BC,,,,,,,,
4731,1585,2544,31,AP03TE6660,NARMUL,2026-08-08,FC,2187.65,2250.0000,4.600,8.330,103.5000,187.4250,,
4732,1585,2544,31,AP03TE6660,NARMUL,2026-08-08,MC,,,,,,,,
4709,1627,2545,32,TS07UL3304,ARVAIS Dairy(HYD),2026-08-08,BC,7029.65,7230.0000,4.500,8.430,325.3500,609.4890,4.0,
4707,1627,2545,32,TS07UL3304,ARVAIS Dairy(HYD),2026-08-08,FC,6105.98,6280.0000,4.200,8.240,263.7600,517.4720,4.0,
4708,1627,2545,32,TS07UL3304,ARVAIS Dairy(HYD),2026-08-08,MC,,,,,,,,
4703,1628,2546,33,TN13H2455,Balaji Dairy,2026-08-08,BC,9295.09,9560.0000,3.960,8.240,378.5760,787.7440,,
4701,1628,2546,33,TN13H2455,Balaji Dairy,2026-08-08,FC,9897.91,10180.0000,4.030,8.070,410.2540,821.5260,,
4702,1628,2546,33,TN13H2455,Balaji Dairy,2026-08-08,MC,,,,,,,,
4724,1583,2547,34,TN25BB1990,Balaji Dairy,2026-08-08,BC,4851.73,4990.0000,4.220,8.290,210.5780,413.6710,,
4722,1583,2547,34,TN25BB1990,Balaji Dairy,2026-08-08,FC,4997.57,5140.0000,5.970,9.080,306.8580,466.7120,,
4723,1583,2547,34,TN25BB1990,Balaji Dairy,2026-08-08,MC,3986.39,4100.0000,4.650,8.270,190.6500,339.0700,,
4625,1617,2548,35,TN863039,Balaji Dairy,2026-08-08,BC,7194.94,7400.0000,4.150,8.300,307.1000,614.2000,,
4623,1617,2548,35,TN863039,Balaji Dairy,2026-08-08,FC,6086.53,6260.0000,4.140,8.330,259.1640,521.4580,,
4624,1617,2548,35,TN863039,Balaji Dairy,2026-08-08,MC,6261.55,6440.0000,4.150,8.300,267.2600,534.5200,,
4689,1618,2549,36,AP03TE5888,Balaji Dairy,2026-08-08,BC,8031.11,8259.9966,3.730,8.150,308.0979,673.1897,,
4690,1618,2549,36,AP03TE5888,Balaji Dairy,2026-08-08,FC,14117.65,14520.0030,3.800,8.170,551.7601,1186.2842,,
4691,1618,2549,36,AP03TE5888,Balaji Dairy,2026-08-08,MC,,,,,,,,
4739,1619,2550,37,AP39WB9499,S K A Dairy,2026-08-08,BC,10641.71,10945.0000,3.800,8.280,415.9100,906.2460,,
4737,1619,2550,37,AP39WB9499,S K A Dairy,2026-08-08,FC,11720.95,12055.0000,3.800,8.160,458.0900,983.6880,,
4738,1619,2550,37,AP39WB9499,S K A Dairy,2026-08-08,MC,,,,,,,,
4673,1629,2551,38,TN36AU2208,Balaji Dairy,2026-08-08,BC,10004.86,10290.0000,4.020,8.350,413.6580,859.2150,,
4671,1629,2551,38,TN36AU2208,Balaji Dairy,2026-08-08,FC,9139.52,9400.0000,4.070,8.160,382.5800,767.0400,,
4672,1629,2551,38,TN36AU2208,Balaji Dairy,2026-08-08,MC,,,,,,,,
4661,1622,2552,39,SALE TANKER,Milma Plant,2026-08-08,BC,,,,,,,,
4659,1622,2552,39,SALE TANKER,Milma Plant,2026-08-08,FC,22634.91,23280.0000,3.900,8.300,907.9200,1932.2400,,
4660,1622,2552,39,SALE TANKER,Milma Plant,2026-08-08,MC,,,,,,,,
4658,1574,2554,40,SALE TANKER,Milma Plant,2026-08-08,BC,,,,,,,,
4656,1574,2554,40,SALE TANKER,Milma Plant,2026-08-08,FC,14982.98,15410.0000,3.900,8.430,600.9900,1299.0630,,
4657,1574,2554,40,SALE TANKER,Milma Plant,2026-08-08,MC,,,,,,,,
4742,1620,2555,41,AP03TE9069,Balaji Dairy,2026-08-08,BC,2333.50,2400.0000,4.170,8.210,100.0800,197.0400,,
4740,1620,2555,41,AP03TE9069,Balaji Dairy,2026-08-08,FC,,,,,,,,
4741,1620,2555,41,AP03TE9069,Balaji Dairy,2026-08-08,MC,2187.65,2250.0000,3.850,8.070,86.6250,181.5750,,
4730,1621,2556,42,TN52H5484,Balaji Dairy,2026-08-08,BC,9985.42,10270.0000,3.800,8.320,390.2600,854.4640,,
4728,1621,2556,42,TN52H5484,Balaji Dairy,2026-08-08,FC,7350.51,7560.0000,4.160,8.150,314.4960,616.1400,,
4729,1621,2556,42,TN52H5484,Balaji Dairy,2026-08-08,MC,,,,,,,,
4727,1630,2557,43,AP03TE6599,Balaji Dairy,2026-08-08,BC,7000.49,7200.0000,3.820,8.180,275.0400,588.9600,,
4725,1630,2557,43,AP03TE6599,Balaji Dairy,2026-08-08,FC,7039.38,7240.0000,3.710,7.910,268.6040,572.6840,,
4726,1630,2557,43,AP03TE6599,Balaji Dairy,2026-08-08,MC,7019.93,7220.0000,3.740,8.030,270.0280,579.7660,,
4676,1634,2601,44,TN24BD4749,Balaji Dairy,2026-08-08,BC,12357.80,12710.0000,3.970,8.090,504.5870,1028.2390,,
4674,1634,2601,44,TN24BD4749,Balaji Dairy,2026-08-08,FC,7408.85,7620.0000,3.940,8.020,300.2280,611.1240,,
4675,1634,2601,44,TN24BD4749,Balaji Dairy,2026-08-08,MC,,,,,,,,
4628,1631,2558,45,AP03TE2079,Balaji Dairy,2026-08-08,BC,10345.16,10640.0000,3.660,8.200,389.4240,872.4800,,
4626,1631,2558,45,AP03TE2079,Balaji Dairy,2026-08-08,FC,9052.02,9310.0000,4.240,8.270,394.7440,769.9370,,
4627,1631,2558,45,AP03TE2079,Balaji Dairy,2026-08-08,MC,,,,,,,,
